ADDRESS,VACANT AS OF,DWELLING TYPE,VACANT BUILDING CATEGORY,WARD,DISTRICT,CENSUS TRACT,MAP LOCATION
939 CHARLES AVE,03/04/2011 12:00:00 AM,Duplex,2,1,7,32500,"(44.95768135, -93.13986424)"
119 LYTON PLACE,06/11/2018 12:00:00 AM,Mixed Use,2,1,6,31400,"(44.96568478, -93.10503405)"
100 10TH ST E,03/23/2020 12:00:00 AM,Commercial,1,2,17,34202,"(44.95088376, -93.09532692)"
1067 COMO PLACE,04/16/2018 12:00:00 AM,Single Family Residential,2,5,10,31200,"(44.97333441, -93.13461986)"
1565 ROSS AVE,09/07/2018 12:00:00 AM,Single Family Residential,2,7,2,31801,"(44.96599301, -93.03457361)"
1271 UNIVERSITY AVE W,05/29/2020 12:00:00 AM,Commercial,1,4,11,32300,"(44.95592422, -93.15377498)"
1576 GRIGGS ST N,07/26/2018 12:00:00 AM,Single Family Residential,2,5,10,30201,"(44.98882903, -93.14985553)"
2 EDGCUMBE PLACE,02/15/2018 12:00:00 AM,Single Family Residential,1,3,15,36600,"(44.91502598, -93.15054432)"
1470 KENT ST,01/21/2020 12:00:00 AM,Single Family Residential,2,5,6,30400,"(44.98542697, -93.12343498)"
685 MINNEHAHA AVE E,08/11/2010 12:00:00 AM,Commercial,2,6,4,31500,"(44.96311852, -93.07212196)"
134 CASE AVE,07/26/2019 12:00:00 AM,Single Family Residential,3,5,6,31400,"(44.96998887, -93.09498418)"
1273 SARGENT AVE,10/10/2019 12:00:00 AM,Single Family Residential,1,3,14,35300,"(44.93512583, -93.15388652)"
1089 FARRINGTON ST,06/12/2019 12:00:00 AM,Single Family Residential,2,5,6,30800,"(44.97406025, -93.11382402)"
1737 COTTAGE AVE E,04/29/2020 12:00:00 AM,Single Family Residential,2,6,2,30704,"(44.98306283, -93.02695094)"
425 RICE ST,04/16/2019 12:00:00 AM,Commercial,2,1,17,33700,"(44.95361819, -93.10780981)"
707 PREBLE ST,11/22/2019 12:00:00 AM,Duplex,2,6,5,33000,"(44.9625075, -93.07527055)"
1128 MACKUBIN ST,05/05/2009 12:00:00 AM,Duplex,2,5,6,30800,"(44.97530449, -93.12104279)"
896 YORK AVE,04/21/2020 12:00:00 AM,Single Family Residential,1,6,5,31600,"(44.96837965, -93.06258979)"
1136 LAFOND AVE,02/11/2016 12:00:00 AM,Single Family Residential,2,4,11,32300,"(44.9601206, -93.1481715)"
100 10TH ST E,03/23/2020 12:00:00 AM,Commercial,1,2,17,34202,"(44.95088376, -93.09532692)"
1253 CLEVELAND AVE N,08/05/2004 12:00:00 AM,Single Family Residential,2,4,12,30100,"(44.97876153, -93.18763715)"
1446 RICE ST,07/16/2019 12:00:00 AM,Commercial,1,5,6,30500,"(44.98485556, -93.10566994)"
313 TOPPING ST,03/24/2020 12:00:00 AM,Duplex,1,1,6,31300,"(44.96760651, -93.11326298)"
171 GRANITE ST,04/19/2017 12:00:00 AM,Single Family Residential,2,5,6,31400,"(44.96626249, -93.09321039)"
270 EARL ST,02/05/2019 12:00:00 AM,Single Family Residential,2,7,4,34601,"(44.94943939, -93.0555683)"
61 JESSAMINE AVE W,05/13/2010 12:00:00 AM,Duplex,2,5,6,30500,"(44.97479581, -93.10256264)"
560 MENDOTA ST,11/06/2019 12:00:00 AM,Single Family Residential,1,7,4,34500,"(44.95814154, -93.06331827)"
1971 NORTONIA AVE,11/22/2019 12:00:00 AM,Duplex,2,7,2,31802,"(44.96509452, -93.01762998)"
2060 3RD ST E,03/05/2019 12:00:00 AM,Single Family Residential,1,7,1,34702,"(44.95656843, -93.01355562)"
1245 WHITE BEAR AVE N,10/11/2019 12:00:00 AM,Single Family Residential,1,6,2,30704,"(44.97896604, -93.02550391)"
940 EDGERTON ST,07/03/2018 12:00:00 AM,Single Family Residential,1,6,5,31500,"(44.96961868, -93.07591697)"
119 LYTON PLACE,06/11/2018 12:00:00 AM,Mixed Use,2,1,6,31400,"(44.96568478, -93.10503405)"
1281 SHERBURNE AVE,08/08/2012 12:00:00 AM,Duplex,2,4,11,32300,"(44.95678919, -93.15445037)"
850 WHITE BEAR AVE N,11/16/2018 12:00:00 AM,Commercial,1,7,2,31801,"(44.9669877449914, -93.025133824385)"
631 WESTERN AVE N,10/13/2017 12:00:00 AM,Single Family Residential,2,1,7,32600,"(44.96041227, -93.11630239)"
307 MARYLAND AVE W,08/08/2008 12:00:00 AM,Single Family Residential,2,5,6,30800,"(44.97749044, -93.11300432)"
536 IOWA AVE E,06/24/2008 12:00:00 AM,Single Family Residential,2,5,5,30601,"(44.98900799, -93.0781795)"
1093 4TH ST E,07/20/2007 12:00:00 AM,Single Family Residential,2,7,4,34601,"(44.9588924, -93.05422268)"
831 SMITH AVE S,08/05/2016 12:00:00 AM,Single Family Residential,2,2,3,37000,"(44.92105008, -93.10201471)"
1734 SIMS AVE,06/19/2018 12:00:00 AM,Duplex,1,6,2,31801,"(44.96937811, -93.02688683)"
1098 BRADLEY ST,04/17/2018 12:00:00 AM,Single Family Residential,2,5,5,30900,"(44.97428353, -93.0784218)"
1138 FLANDRAU ST,04/24/2020 12:00:00 AM,Single Family Residential,1,6,2,31801,"(44.9756344, -93.02761602)"
626 REANEY AVE,01/20/2012 12:00:00 AM,Single Family Residential,2,6,5,31500,"(44.963795, -93.0741431)"
419 FRY ST,03/24/2009 12:00:00 AM,Single Family Residential,2,4,13,33400,"(44.95385756, -93.16977951)"
224 GROTTO ST N,05/17/2011 12:00:00 AM,Single Family Residential,2,1,8,33900,"(44.9480278, -93.13124017)"
1639 TAYLOR AVE,03/01/2017 12:00:00 AM,Single Family Residential,2,4,11,32100,"(44.96780938, -93.16955018)"
60 HAWTHORNE AVE E,08/15/2019 12:00:00 AM,Single Family Residential,1,5,6,30500,"(44.97815968, -93.09834646)"
213 BATES AVE,12/12/2018 12:00:00 AM,Commercial,2,7,4,34400,"(44.95280047, -93.06581868)"
842 UNIVERSITY AVE W,04/24/2019 12:00:00 AM,Single Family Residential,2,1,8,33500,"(44.95548214, -93.13567764)"
1600 7TH ST W,06/26/2018 12:00:00 AM,Commercial,2,2,9,36700,"(44.91650854, -93.14238354)"
1021 MINNEHAHA AVE E,03/02/2017 12:00:00 AM,Single Family Residential,2,7,4,31701,"(44.96314948, -93.05744411)"
1811 MONTANA AVE E,07/25/2019 12:00:00 AM,Single Family Residential,2,6,2,30702,"(44.98759289, -93.02373283)"
595 PARK ST,11/21/2008 12:00:00 AM,Duplex,2,1,7,42800,"(44.95940389, -93.10399817)"
705 WATSON AVE,03/06/2020 12:00:00 AM,Single Family Residential,1,2,9,36800,"(44.9242516, -93.12958474)"
507 ASHLAND AVE,08/09/2019 12:00:00 AM,Single Family Residential,1,1,8,35500,"(44.94462733, -93.12171946)"
1807 7TH ST E,11/07/2019 12:00:00 AM,Single Family Residential,1,7,2,31801,"(44.96687273, -93.02403206)"
885 MARGARET ST,02/05/2019 12:00:00 AM,Single Family Residential,1,7,4,33100,"(44.96133657, -93.06312513)"
1523 ST ALBANS ST N,06/17/2019 12:00:00 AM,Single Family Residential,2,5,10,30300,"(44.98699052, -93.12894387)"
485 BLAIR AVE,12/04/2015 12:00:00 AM,Single Family Residential,2,1,7,32600,"(44.96130436, -93.12066111)"
2171 5TH ST E,10/31/2018 12:00:00 AM,Single Family Residential,1,7,1,34702,"(44.95959927, -93.00873447)"
449 HATCH AVE,03/31/2020 12:00:00 AM,Single Family Residential,2,5,6,30800,"(44.97115847, -93.11924856)"
489 SHERBURNE AVE,03/19/2018 12:00:00 AM,Single Family Residential,3,1,7,32600,"(44.95678658, -93.12072375)"
1066 DESOTO ST,07/03/2018 12:00:00 AM,Single Family Residential,2,5,5,30900,"(44.97328121, -93.0808871)"
603 EDMUND AVE,10/29/2019 12:00:00 AM,Duplex,2,1,7,32600,"(44.95854683, -93.12554999)"
1560 REANEY AVE,08/11/2017 12:00:00 AM,Single Family Residential,2,7,2,31801,"(44.96388552, -93.03452455)"
792 ROSE AVE E,02/19/2020 12:00:00 AM,Single Family Residential,2,6,5,31000,"(44.97647282, -93.06691482)"
959 HUDSON ROAD,06/25/2014 12:00:00 AM,Duplex,2,7,4,34500,"(44.9523909, -93.05985823)"
985 WOODBRIDGE ST,02/05/2014 12:00:00 AM,Single Family Residential,3,5,6,31300,"(44.97093948, -93.10868123)"
867 FULLER AVE,06/25/2019 12:00:00 AM,Single Family Residential,1,1,8,33500,"(44.95408331, -93.13684089)"
439 HERSCHEL ST,08/10/2016 12:00:00 AM,Single Family Residential,2,4,13,33200,"(44.95451765, -93.1735684)"
1179 7TH ST E,04/25/2016 12:00:00 AM,Commercial,3,6,4,31701,"(44.96678035, -93.05055753)"
1630 UNIVERSITY AVE W,09/11/2017 12:00:00 AM,Commercial,1,4,13,33400,"(44.95536474, -93.16902731)"
1199 BEECH ST,05/02/2018 12:00:00 AM,Single Family Residential,2,7,4,34601,"(44.96233123, -93.04984249)"
242 CONGRESS ST E,01/04/2017 12:00:00 AM,Single Family Residential,2,2,3,36100,"(44.93129397, -93.07362194)"
680 MINNEHAHA AVE E BLDG 3,07/21/2005 12:00:00 AM,Multi-family Residential,2,,,,"(44.96289144, -93.07224302)"
825 UNIVERSITY AVE W,04/20/2009 12:00:00 AM,Commercial,2,1,7,32500,"(44.95591044, -93.13510463)"
949 PAYNE AVE,09/07/2017 12:00:00 AM,Commercial,1,6,5,31500,"(44.96990716, -93.07369804)"
404 FRONT AVE APT 4,01/23/2020 12:00:00 AM,Multi-family Residential,1,1,6,31300,"(44.97005071, -93.11728005)"
203 KING ST W,12/06/2019 12:00:00 AM,Single Family Residential,1,2,3,37100,"(44.92771544, -93.09411119)"
1025 MINNEHAHA AVE E,08/20/2018 12:00:00 AM,Single Family Residential,2,7,4,31701,"(44.96315982, -93.05725138)"
586 BURGESS ST,03/31/2020 12:00:00 AM,Single Family Residential,1,1,6,31300,"(44.9682167, -93.12506314)"
444 PAGE ST E,06/14/2018 12:00:00 AM,Single Family Residential,2,2,3,37200,"(44.92471475, -93.06676567)"
596 CHARLES AVE,05/29/2019 12:00:00 AM,Single Family Residential,2,1,7,32600,"(44.95740381, -93.12537584)"
2079 MARGARET ST,12/12/2019 12:00:00 AM,Single Family Residential,1,7,1,34702,"(44.96147314, -93.01281707)"
1194 ALBEMARLE ST,12/26/2018 12:00:00 AM,Single Family Residential,2,5,6,30800,"(44.97713134, -93.10698339)"
25 JESSAMINE AVE E,04/03/2019 12:00:00 AM,Single Family Residential,2,5,6,30500,"(44.97483592, -93.10016552)"
530 GERANIUM AVE E,08/31/2012 12:00:00 AM,Single Family Residential,3,5,5,30900,"(44.97545624, -93.07805531)"
1618 HAMLINE AVE N,07/11/2018 12:00:00 AM,Single Family Residential,2,5,10,30201,"(44.98989095, -93.15634632)"
1076 WESTERN AVE N,12/18/2018 12:00:00 AM,Single Family Residential,1,5,6,30800,"(44.973692, -93.11591171)"
689 PARKVIEW AVE,07/01/2019 12:00:00 AM,Single Family Residential,2,5,10,30300,"(44.98385176, -93.12921824)"
694 SHERBURNE AVE,08/06/2012 12:00:00 AM,Duplex,2,1,7,32500,"(44.95648896, -93.1295784)"
298 JENKS AVE,10/29/2019 12:00:00 AM,Duplex,1,5,5,30900,"(44.97084839, -93.08785107)"
118 MANITOBA AVE,08/12/2014 12:00:00 AM,Duplex,2,1,6,31400,"(44.96820955, -93.10497778)"
1400 DAYTON AVE,05/22/2019 12:00:00 AM,Commercial,2,1,13,33400,"(44.94735219, -93.15948332)"
1350 LAUREL AVE,08/08/2018 12:00:00 AM,Single Family Residential,1,1,13,35200,"(44.94481508, -93.15738956)"
1010 EDGERTON ST,11/06/2019 12:00:00 AM,Single Family Residential,2,6,5,31000,"(44.97163632, -93.0758044)"
556 RICE ST,06/23/2010 12:00:00 AM,Commercial,2,1,7,42800,"(44.95815973, -93.10577844)"
904 CHARLOTTE ST,10/23/2013 12:00:00 AM,Single Family Residential,2,4,11,32100,"(44.96830995, -93.1702813)"
247 RICHMOND ST,04/02/2020 12:00:00 AM,Single Family Residential,1,2,9,36900,"(44.93388359, -93.11860686)"
947 FREMONT AVE,01/18/2018 12:00:00 AM,Single Family Residential,2,7,4,34500,"(44.95776234, -93.06039703)"
2022 STILLWATER AVE,10/27/2008 12:00:00 AM,Single Family Residential,3,7,2,31802,"(44.96892399, -93.0149848)"
543 MICHIGAN ST,07/05/2019 12:00:00 AM,Duplex,1,2,9,36900,"(44.93512447, -93.12281567)"
656 BUSH AVE,03/01/2010 12:00:00 AM,Multi-family Residential,2,6,5,31500,"(44.96464486, -93.07282965)"
655 JESSAMINE AVE E,06/19/2019 12:00:00 AM,Single Family Residential,2,6,5,31000,"(44.97487453, -93.07275233)"
1794 MINNEHAHA AVE E,06/14/2019 12:00:00 AM,Duplex,2,7,1,34701,"(44.96291445, -93.02457413)"
65 WINIFRED ST W,03/19/2019 12:00:00 AM,Single Family Residential,1,2,3,37100,"(44.93166185, -93.08838782)"
720 EUCLID ST,10/16/2019 12:00:00 AM,Single Family Residential,2,7,4,34400,"(44.9540656, -93.06609232)"
1758 STILLWATER AVE,10/04/2013 12:00:00 AM,Single Family Residential,2,6,2,31801,"(44.96751273, -93.02624636)"
61 COMO AVE,02/07/2020 12:00:00 AM,Multi-family Residential,2,1,7,42800,"(44.95910417, -93.10193403)"
742 EUCLID ST,12/22/2016 12:00:00 AM,Single Family Residential,2,7,4,34400,"(44.954632, -93.0650233)"
398 TOTEM ROAD,11/25/2019 12:00:00 AM,Multi-family Residential,1,7,1,37403,"(44.92529269, -93.01229142)"
572 EARL ST,08/20/2018 12:00:00 AM,Commercial,1,7,4,34601,"(44.95885502, -93.05563021)"
632 LEXINGTON PKWY N,04/14/2016 12:00:00 AM,Duplex,2,1,7,32400,"(44.96040153, -93.14626654)"
827 VAN BUREN AVE,08/19/2014 12:00:00 AM,Duplex,2,1,7,32400,"(44.9621988, -93.13510041)"
663 3RD ST E,04/26/2011 12:00:00 AM,Multi-family Residential,2,7,4,34400,"(44.95479641, -93.07125461)"
975 MARSHALL AVE,06/27/2017 12:00:00 AM,Single Family Residential,3,1,8,33800,"(44.94873562, -93.14117343)"
1878 ORANGE AVE E,07/03/2019 12:00:00 AM,Single Family Residential,1,6,2,30702,"(44.97913441, -93.02116079)"
233 CESAR CHAVEZ ST,07/02/2018 12:00:00 AM,Single Family Residential,2,2,3,36100,"(44.92921124, -93.0752964)"
1915 IVY AVE E,10/16/2012 12:00:00 AM,Single Family Residential,3,6,2,30702,"(44.98126284, -93.01942865)"
1161 NORTON ST,07/05/2011 12:00:00 AM,Duplex,2,5,6,30800,"(44.97617818, -93.12023177)"
1708 MINNEHAHA AVE E,09/20/2019 12:00:00 AM,Single Family Residential,2,7,1,34701,"(44.96291791, -93.02837512)"
598 LAFOND AVE,03/21/2019 12:00:00 AM,Single Family Residential,2,1,7,32600,"(44.96011971, -93.12539481)"
1845 WILSON AVE,06/07/2019 12:00:00 AM,Single Family Residential,1,7,1,34701,"(44.95421163, -93.02230016)"
767 4TH ST E,01/09/2009 12:00:00 AM,Duplex,2,7,4,34500,"(44.9576794, -93.06707715)"
1038 MACKUBIN ST,04/22/2020 12:00:00 AM,Single Family Residential,1,5,6,30800,"(44.97253338, -93.12094623)"
648 BUSH AVE,08/27/2010 12:00:00 AM,Multi-family Residential,2,6,5,31500,"(44.96469162, -93.07308266)"
1286 SHERBURNE AVE,09/09/2014 12:00:00 AM,Single Family Residential,3,4,11,32300,"(44.95646369, -93.15462894)"
2 EDGCUMBE PLACE,02/15/2018 12:00:00 AM,Single Family Residential,1,3,15,36600,"(44.91502598, -93.15054432)"
132 WESTERN AVE S,10/08/2018 12:00:00 AM,Single Family Residential,2,2,9,35900,"(44.93754175, -93.11584609)"
377 MARYLAND AVE W,02/14/2019 12:00:00 AM,Single Family Residential,2,5,6,30800,"(44.97748001, -93.11595527)"
750 CHATSWORTH ST S,04/05/2019 12:00:00 AM,Duplex,2,2,9,36700,"(44.91894068, -93.14108708)"
1905 IGLEHART AVE,08/15/2019 12:00:00 AM,Single Family Residential,2,4,13,33300,"(44.94963928, -93.1807538)"
670 SIMS AVE,06/24/2014 12:00:00 AM,Single Family Residential,2,6,5,31500,"(44.96922321, -93.07225507)"
422 JESSAMINE AVE E,09/28/2017 12:00:00 AM,Duplex,2,5,5,30900,"(44.97447497, -93.08291526)"
1349 SCHLETTI ST,01/25/2018 12:00:00 AM,Single Family Residential,1,5,6,30400,"(44.98186847, -93.12264691)"
474 CURTICE ST E,03/29/2008 12:00:00 AM,Single Family Residential,2,2,3,37200,"(44.92285808, -93.06568468)"
1904 PRINCETON AVE,07/12/2007 12:00:00 AM,Single Family Residential,3,3,14,35100,"(44.93594881, -93.18080701)"
802 MOUND ST,04/20/2020 12:00:00 AM,Single Family Residential,2,7,4,34400,"(44.95134905, -93.06313382)"
1803 MARGARET ST,01/23/2019 12:00:00 AM,Single Family Residential,2,7,1,34701,"(44.96147472, -93.02413285)"
842 RICE ST,11/24/2010 12:00:00 AM,Commercial,2,1,6,31400,"(44.96672432, -93.10576695)"
889 AGATE ST,06/01/2007 12:00:00 AM,Multi-family Residential,2,5,6,31400,"(44.96800252, -93.09439511)"
1610 ASHLAND AVE,10/17/2019 12:00:00 AM,Single Family Residential,1,4,13,35000,"(44.9438023, -93.16829222)"
1033 GALTIER ST,09/10/2015 12:00:00 AM,Duplex,2,5,6,30800,"(44.9725273, -93.11130473)"
780 STEWART AVE,07/07/2017 12:00:00 AM,Multi-family Residential,2,2,9,36800,"(44.92072838, -93.13127696)"
965 MISSISSIPPI RIVER BLVD S,08/01/2018 12:00:00 AM,Mixed Use,1,3,15,37601,"(44.91278959, -93.19796605)"
733 CASE AVE,07/24/2018 12:00:00 AM,Duplex,2,6,5,31000,"(44.97058473, -93.06960833)"
1841 UNIVERSITY AVE W,03/03/2015 12:00:00 AM,Commercial,2,4,11,31900,"(44.95636302, -93.17808329)"
874 HOWELL ST N,11/20/2018 12:00:00 AM,Duplex,2,4,11,32000,"(44.96743607, -93.18083837)"
1004 THOMAS AVE,06/18/2013 12:00:00 AM,Duplex,2,1,7,32500,"(44.95920577, -93.14257873)"
1503 VAN BUREN AVE,12/13/2018 12:00:00 AM,Single Family Residential,2,4,11,32100,"(44.9621339, -93.16409394)"
1825 MECHANIC AVE,11/06/2017 12:00:00 AM,Duplex,2,6,2,31801,"(44.97312441, -93.02344732)"
1297 7TH ST W,01/29/2020 12:00:00 AM,Single Family Residential,2,2,9,36800,"(44.92202762, -93.13544149)"
991 FARRINGTON ST,01/24/2019 12:00:00 AM,Single Family Residential,2,5,6,30800,"(44.97125515, -93.11379585)"
1018 GERANIUM AVE E,04/10/2020 12:00:00 AM,Single Family Residential,1,6,5,31100,"(44.97556374, -93.05753143)"
971 ARCADE ST,11/29/2016 12:00:00 AM,Commercial,1,6,5,31000,"(44.97070206, -93.06624148)"
2062 COMO AVE,11/09/2001 12:00:00 AM,Single Family Residential,2,4,12,30100,"(44.97690247, -93.18743997)"
663 YORK AVE,10/24/2018 12:00:00 AM,Single Family Residential,2,6,5,31500,"(44.96855375, -93.07247848)"
1110 KINGSFORD ST,04/21/2020 12:00:00 AM,Single Family Residential,1,6,2,31801,"(44.97465026, -93.02886604)"
55 MANITOBA AVE,06/01/2007 12:00:00 AM,Duplex,2,1,6,31400,"(44.96846246, -93.10215937)"
975 HUDSON ROAD,11/19/2015 12:00:00 AM,Single Family Residential,2,7,4,34500,"(44.95237257, -93.05925407)"
1094 ROSS AVE,01/04/2019 12:00:00 AM,Duplex,2,6,4,31701,"(44.96568553, -93.0543588)"
1560 CANFIELD AVE,02/09/2017 12:00:00 AM,Single Family Residential,2,4,10,30201,"(44.97990281, -93.16609224)"
146 WATER ST W,12/18/2018 12:00:00 AM,Mixed Use,2,2,3,37100,"(44.93734679, -93.09323696)"
587 COOK AVE E,10/14/2005 12:00:00 AM,Duplex,2,6,5,31000,"(44.97304842, -93.07561221)"
1355 PAYNE AVE,01/06/2017 12:00:00 AM,Single Family Residential,2,6,5,30602,"(44.98216596, -93.07379823)"
1143 WOODBRIDGE ST,05/02/2018 12:00:00 AM,Single Family Residential,3,5,6,30800,"(44.97551954, -93.10869364)"
38 WINNIPEG AVE,06/26/2018 12:00:00 AM,Single Family Residential,2,1,6,31400,"(44.96726144, -93.10176675)"
670 PAYNE AVE,11/27/2018 12:00:00 AM,Commercial,1,7,5,33000,"(44.96141837, -93.07579166)"
685 MINNEHAHA AVE E,08/11/2010 12:00:00 AM,Commercial,2,6,4,31500,"(44.96311852, -93.07212196)"
881 JOHNSON PKWY,09/19/2019 12:00:00 AM,Single Family Residential,1,6,4,31701,"(44.96799718, -93.0451564)"
1362 PALACE AVE,02/19/2020 12:00:00 AM,Single Family Residential,1,3,14,36500,"(44.92865801, -93.15784867)"
756 FULLER AVE,03/18/2020 12:00:00 AM,Single Family Residential,1,1,8,33500,"(44.95378781, -93.13218991)"
740 TATUM ST,07/14/2014 12:00:00 AM,Single Family Residential,2,4,11,32000,"(44.96343722, -93.1796323)"
979 4TH ST E,09/17/2015 12:00:00 AM,Single Family Residential,2,7,4,34500,"(44.95867563, -93.05922699)"
1549 HAZEL ST N,12/03/2019 12:00:00 AM,Single Family Residential,2,6,2,30702,"(44.9879978, -93.02034868)"
1145 SNELLING AVE N,04/14/2020 12:00:00 AM,Commercial,3,4,10,30100,"(44.97563889, -93.16813008)"
1696 BOHLAND AVE,06/06/2017 12:00:00 AM,Single Family Residential,2,3,15,37500,"(44.91595109, -93.17188779)"
401 ROSE AVE E,08/23/2018 12:00:00 AM,Single Family Residential,2,5,5,30900,"(44.97658035, -93.08346431)"
455 GRAND AVE,01/04/2019 12:00:00 AM,Single Family Residential,1,2,16,35800,"(44.93922831, -93.11933308)"
285 FILLMORE AVE E,04/17/2020 12:00:00 AM,Commercial,1,2,3,36100,"(44.9438204, -93.07863426)"
1400 UNIVERSITY AVE W,04/16/2019 12:00:00 AM,Commercial,2,1,13,33400,"(44.95360857, -93.15915219)"
943 DESOTO ST,12/28/2012 12:00:00 AM,Single Family Residential,2,5,5,31500,"(44.96957908, -93.08136956)"
1293 PAYNE AVE,08/10/2018 12:00:00 AM,Single Family Residential,2,6,5,31000,"(44.98028137, -93.07377349)"
1739 YORK AVE,10/18/2019 12:00:00 AM,Single Family Residential,2,6,2,31801,"(44.96889274, -93.02684769)"
735 MARGARET ST,04/23/2010 12:00:00 AM,Multi-family Residential,3,7,4,33100,"(44.96132763, -93.06974182)"
434 EDMUND AVE,08/09/2019 12:00:00 AM,Duplex,2,1,7,32600,"(44.95832872, -93.11838998)"
0 KELLOGG BLVD E,01/11/2013 12:00:00 AM,Commercial,2,2,4,34400,"(44.95121096, -93.07641955)"
594 REANEY AVE,08/06/2009 12:00:00 AM,Duplex,2,6,5,31500,"(44.96376644, -93.07541994)"
560 CHARLES AVE,05/03/2019 12:00:00 AM,Single Family Residential,2,1,7,32600,"(44.95741776, -93.1240068)"
1596 HOYT AVE E,04/21/2016 12:00:00 AM,Single Family Residential,1,6,2,30703,"(44.98819495, -93.03306174)"
953 JENKS AVE,09/05/2019 12:00:00 AM,Single Family Residential,2,6,5,31600,"(44.97136283, -93.06020049)"
173 COOK AVE E,04/05/2017 12:00:00 AM,Single Family Residential,2,5,6,31400,"(44.97300787, -93.09330712)"
2442 STEWART AVE,02/05/2020 12:00:00 AM,Single Family Residential,1,3,15,37602,"(44.89998779, -93.1663134)"
654 WINSLOW AVE,03/04/2020 12:00:00 AM,Single Family Residential,2,2,3,37100,"(44.92615303, -93.08936135)"
1576 GRIGGS ST N,07/26/2018 12:00:00 AM,Single Family Residential,2,5,10,30201,"(44.98882903, -93.14985553)"
869 5TH ST E,06/02/2016 12:00:00 AM,Commercial,1,7,4,33100,"(44.95954289, -93.06397101)"
27 EMPIRE DRIVE,02/04/2013 12:00:00 AM,Commercial,3,1,7,42800,"(44.96290113, -93.10051383)"
253 AVON ST N,01/19/2017 12:00:00 AM,Single Family Residential,2,1,8,33800,"(44.94909317, -93.13335907)"
368 SHERBURNE AVE,09/06/2019 12:00:00 AM,Single Family Residential,2,1,7,32700,"(44.95653674, -93.115661)"
1144 FAIRMOUNT AVE,03/13/2019 12:00:00 AM,Single Family Residential,2,2,16,35300,"(44.93664925, -93.14848754)"
420 CEDAR ST,06/19/2009 12:00:00 AM,Commercial,2,2,17,34201,"(44.94766356, -93.09428778)"
134 ELIZABETH ST E,08/28/2018 12:00:00 AM,Single Family Residential,3,2,3,37200,"(44.92697764, -93.07968068)"
1033 REANEY AVE,08/15/2019 12:00:00 AM,Duplex,2,7,4,31701,"(44.96409945, -93.05698759)"
466 LAUREL AVE,05/03/2000 12:00:00 AM,Single Family Residential,3,1,8,35500,"(44.94523453, -93.11986934)"
1336 DAYTON AVE,10/02/2014 12:00:00 AM,Duplex,2,1,13,35300,"(44.94731307, -93.15657788)"
51 LITCHFIELD ST,08/27/2018 12:00:00 AM,Single Family Residential,2,1,6,31400,"(44.96958879, -93.10222122)"
989 3RD ST E,11/01/2011 12:00:00 AM,Single Family Residential,2,7,4,34500,"(44.95685449, -93.05882258)"
1440 MARSHALL AVE,04/10/2019 12:00:00 AM,Commercial,2,1,13,33400,"(44.94820282, -93.16124529)"
1028 ROSS AVE,08/20/2018 12:00:00 AM,Single Family Residential,1,6,4,31701,"(44.96565378, -93.05720732)"
1803 IVY AVE E,08/16/2017 12:00:00 AM,Duplex,2,6,2,30702,"(44.98125333, -93.02415953)"
674 OHIO ST,08/09/2019 12:00:00 AM,Single Family Residential,1,2,3,37100,"(44.92577603, -93.09749761)"
476 STINSON ST,09/25/2019 12:00:00 AM,Single Family Residential,2,1,6,31300,"(44.96912132, -93.12027649)"
1800 MISSISSIPPI RIVER BLVD S,10/01/2019 12:00:00 AM,Single Family Residential,1,3,15,37601,"(44.89750076, -93.18396833)"
730 TRANSFER ROAD,08/19/2016 12:00:00 AM,Commercial,1,4,11,31900,"(44.96305407, -93.18481142)"
1845 UNIVERSITY AVE W,10/28/2014 12:00:00 AM,Commercial,2,4,11,31900,"(44.95642498, -93.17823374)"
1514 VAN BUREN AVE,04/18/2017 12:00:00 AM,Single Family Residential,2,4,11,32100,"(44.96181861, -93.16455488)"
345 GOODRICH AVE,05/18/2016 12:00:00 AM,Single Family Residential,2,2,9,35900,"(44.93798379, -93.11466232)"
1880 AMES AVE,11/16/2012 12:00:00 AM,Duplex,2,6,2,31801,"(44.97193246, -93.02101623)"
974 ARCADE ST,05/27/2016 12:00:00 AM,Commercial,2,6,5,31600,"(44.97066686, -93.06561004)"
967 FREMONT AVE,12/20/2019 12:00:00 AM,Duplex,2,7,4,34500,"(44.95775211, -93.05966479)"
936 MARSHALL AVE,04/28/2010 12:00:00 AM,Single Family Residential,2,1,8,33800,"(44.94832354, -93.13975942)"
523 BEAUMONT ST,09/26/2019 12:00:00 AM,Single Family Residential,1,5,5,33000,"(44.96177791, -93.07830021)"
1295 GALTIER ST,04/19/2018 12:00:00 AM,Single Family Residential,2,5,6,30800,"(44.98016219, -93.11123528)"
395 MICHIGAN ST,05/15/1996 12:00:00 AM,Single Family Residential,3,2,9,36900,"(44.93525986, -93.11670931)"
2002 BUSH AVE,12/12/2019 12:00:00 AM,Single Family Residential,1,7,2,31802,"(44.96458529, -93.01592804)"
293 HARRISON AVE,09/12/2019 12:00:00 AM,Single Family Residential,2,2,9,35900,"(44.93978976, -93.11252533)"
80 MISSISSIPPI RIVER BLVD N,10/29/2019 12:00:00 AM,Single Family Residential,1,4,13,43000,"(44.94320019, -93.19791792)"
1093 6TH ST E,02/28/2019 12:00:00 AM,Single Family Residential,1,7,4,34601,"(44.96050469, -93.05426521)"
884 WESTMINSTER ST,12/12/2018 12:00:00 AM,Single Family Residential,2,5,5,33000,"(44.96783397, -93.08529411)"
46 FRONT AVE,07/19/2018 12:00:00 AM,Duplex,2,1,6,31400,"(44.97015027, -93.10206885)"
657 SHERBURNE AVE,01/31/2017 12:00:00 AM,Single Family Residential,3,1,7,32500,"(44.95676679, -93.12795926)"
875 HAGUE AVE,04/10/2018 12:00:00 AM,Duplex,2,1,8,42900,"(44.94591165, -93.13716976)"
1829 UNIVERSITY AVE W,01/20/2017 12:00:00 AM,Commercial,1,4,11,31900,"(44.95639346, -93.17766307)"
412 HOLLY AVE,09/05/2013 12:00:00 AM,Single Family Residential,3,1,8,35800,"(44.94326335, -93.11748607)"
200 SYCAMORE ST W,07/03/2019 12:00:00 AM,Commercial,1,1,6,31300,"(44.9646338, -93.10819779)"
1490 7TH ST E,07/21/2017 12:00:00 AM,Single Family Residential,2,7,2,31702,"(44.96657645, -93.03756494)"
998 BAYARD AVE,05/03/2019 12:00:00 AM,Single Family Residential,2,2,9,36700,"(44.92222525, -93.14239386)"
765 MINNEHAHA AVE E,03/04/2020 12:00:00 AM,Single Family Residential,1,6,4,33100,"(44.96317201, -93.06813891)"
1650 MINNEHAHA AVE E,02/20/2020 12:00:00 AM,Single Family Residential,1,7,1,34602,"(44.96293605, -93.0309809)"
1011 BURNS AVE,09/07/2018 12:00:00 AM,Single Family Residential,2,7,4,34500,"(44.94886992, -93.05771666)"
2210 EDGCUMBE ROAD,11/19/2019 12:00:00 AM,Single Family Residential,1,3,15,37500,"(44.9086126, -93.17277989)"
1486 MIDWAY PKWY,06/05/2018 12:00:00 AM,Single Family Residential,1,4,10,30201,"(44.98058661, -93.16300818)"
1731 IVY AVE E,09/05/2019 12:00:00 AM,Single Family Residential,2,6,2,30704,"(44.98131561, -93.02718108)"
1235 MARGARET ST,10/09/2019 12:00:00 AM,Single Family Residential,2,7,4,34601,"(44.96139891, -93.04845913)"
821 AGATE ST,06/29/2018 12:00:00 AM,Single Family Residential,2,5,6,31400,"(44.96610849, -93.09440382)"
117 UNIVERSITY AVE W,12/20/2013 12:00:00 AM,Commercial,2,1,7,42800,"(44.95613756, -93.10498612)"
1111 CASE AVE,04/24/2018 12:00:00 AM,Single Family Residential,2,6,5,31600,"(44.97045252, -93.05361781)"
624 STATE ST,01/07/2020 12:00:00 AM,Duplex,1,2,3,37200,"(44.92735673, -93.07906806)"
1726 4TH ST E,05/01/2020 12:00:00 AM,Single Family Residential,2,7,1,34701,"(44.95846005, -93.02746829)"
953 WESTMINSTER ST,09/04/2019 12:00:00 AM,Single Family Residential,1,5,5,33000,"(44.96983085, -93.08572134)"
711 SIMS AVE,06/21/2017 12:00:00 AM,Duplex,2,6,5,31500,"(44.96948082, -93.07048809)"
955 BRADLEY ST,02/05/2016 12:00:00 AM,Single Family Residential,2,5,5,31500,"(44.96993624, -93.07878748)"
1466 OSCEOLA AVE,08/06/2019 12:00:00 AM,Single Family Residential,2,3,14,35200,"(44.93590114, -93.16224238)"
540 FOREST ST,11/30/2018 12:00:00 AM,Single Family Residential,1,7,4,34500,"(44.95750081, -93.06070993)"
32 BENHILL ROAD,06/08/2016 12:00:00 AM,Single Family Residential,2,2,16,36700,"(44.93236419, -93.14135395)"
521 YORK AVE,08/01/2019 12:00:00 AM,Single Family Residential,2,5,5,31500,"(44.96850107, -93.07838665)"
888 PRIOR AVE N,09/23/2016 12:00:00 AM,Commercial,3,4,11,32000,"(44.96775141, -93.18211326)"
2200 LARPENTEUR AVE E,11/20/2018 12:00:00 AM,Commercial,2,6,2,30702,"(44.99087821, -93.00838026)"
1629 HARTFORD AVE,12/26/2019 12:00:00 AM,Single Family Residential,2,3,15,36400,"(44.92354712, -93.16910164)"
1258 RICE ST,02/11/2009 12:00:00 AM,Single Family Residential,2,5,6,30500,"(44.97908427, -93.10557332)"
302 CHEROKEE AVE,09/05/2017 12:00:00 AM,Duplex,2,2,3,37000,"(44.93220174, -93.09839505)"
893 HUDSON ROAD,01/13/2015 12:00:00 AM,Duplex,2,7,4,34400,"(44.95241019, -93.06303223)"
942 GALTIER ST,03/05/2020 12:00:00 AM,Single Family Residential,1,1,6,31300,"(44.96960921, -93.11089099)"
701 HAZEL ST N,03/09/2020 12:00:00 AM,Single Family Residential,2,7,1,34701,"(44.96253218, -93.02044585)"
581 THOMAS AVE,06/06/2019 12:00:00 AM,Duplex,1,1,7,32600,"(44.9594387, -93.12479572)"
436 GRIFFITH ST,02/18/2020 12:00:00 AM,Single Family Residential,1,7,4,34601,"(44.95465634, -93.0497116)"
106 DOUGLAS ST,04/10/2018 12:00:00 AM,Duplex,2,2,9,36000,"(44.93826197, -93.11086274)"
378 JESSAMINE AVE E,04/27/2018 12:00:00 AM,Single Family Residential,2,5,5,30900,"(44.97448767, -93.08455649)"
575 MCKNIGHT ROAD S,11/15/2016 12:00:00 AM,Single Family Residential,2,7,1,37403,"(44.92404651, -93.00561997)"
1080 UNIVERSITY AVE W,04/30/2015 12:00:00 AM,Commercial,2,1,8,33500,"(44.95554313, -93.14547304)"
939 CHARLES AVE,03/04/2011 12:00:00 AM,Duplex,2,1,7,32500,"(44.95768135, -93.13986424)"
727 SHERBURNE AVE,11/27/2018 12:00:00 AM,Single Family Residential,2,1,7,32500,"(44.95679044, -93.13083282)"
2101 KNAPP ST,10/06/2011 12:00:00 AM,Multi-family Residential,2,4,12,30100,"(44.97983527, -93.18917006)"
1565 ROSS AVE,09/07/2018 12:00:00 AM,Single Family Residential,2,7,2,31801,"(44.96599301, -93.03457361)"
1105 WILSON AVE,12/12/2019 12:00:00 AM,Single Family Residential,2,7,4,34601,"(44.95416947, -93.05382076)"
554 CHARLES AVE,02/15/2018 12:00:00 AM,Duplex,2,1,7,32600,"(44.95743833, -93.12344986)"
811 4TH ST E,10/30/2006 12:00:00 AM,Single Family Residential,2,7,4,34500,"(44.95822343, -93.06589658)"
95 LITCHFIELD ST,06/08/2016 12:00:00 AM,Single Family Residential,2,1,6,31400,"(44.96961003, -93.10405495)"
1978 PALACE AVE,11/09/2017 12:00:00 AM,Single Family Residential,2,3,14,36300,"(44.92871376, -93.18384684)"
865 ATLANTIC ST,03/11/2016 12:00:00 AM,Commercial,1,6,4,31701,"(44.96735103, -93.04843771)"
1308 VICTORIA ST N,10/30/2001 12:00:00 AM,Single Family Residential,2,5,10,30300,"(44.98060192, -93.13513166)"
925 COOK AVE E,03/17/2017 12:00:00 AM,Single Family Residential,2,6,5,31600,"(44.97313382, -93.06155162)"
373 NEBRASKA AVE W,10/29/2018 12:00:00 AM,Single Family Residential,2,5,6,30400,"(44.98652687, -93.11563397)"
1079 MARYLAND AVE E,06/11/2018 12:00:00 AM,Single Family Residential,2,6,5,31100,"(44.9776901, -93.05486022)"
1013 JAMESON ST,11/02/2016 12:00:00 AM,Duplex,2,5,10,31200,"(44.97169123, -93.13256022)"
699 SNELLING AVE N,07/02/2019 12:00:00 AM,Commercial,2,4,11,32100,"(44.96222907, -93.16748896)"
1722 REANEY AVE,06/27/2019 12:00:00 AM,Single Family Residential,2,7,2,31801,"(44.96371826, -93.02755833)"
2075 SCUDDER ST,08/05/2004 12:00:00 AM,Single Family Residential,2,4,12,30100,"(44.97876189, -93.18784545)"
1628 DARLENE ST,11/05/2013 12:00:00 AM,Single Family Residential,2,6,2,30702,"(44.99046729, -93.01862924)"
862 PASCAL ST N,04/20/2018 12:00:00 AM,Single Family Residential,1,4,11,32200,"(44.96713927, -93.16200427)"
277 FILLMORE AVE E,04/17/2020 12:00:00 AM,Commercial,1,2,3,36100,"(44.94381332, -93.07943398)"
971 JENKS AVE,03/10/2010 12:00:00 AM,Single Family Residential,1,6,5,31600,"(44.97136171, -93.05945526)"
1508 COMO AVE,07/29/2003 12:00:00 AM,Duplex,2,4,10,30201,"(44.97712697, -93.16385771)"
633 CAPITOL BLVD,08/02/2019 12:00:00 AM,Single Family Residential,2,1,7,42800,"(44.96048238, -93.10242806)"
854 LAWSON AVE E,07/23/2019 12:00:00 AM,Duplex,1,6,5,31600,"(44.97198542, -93.06454813)"
925 MAGNOLIA AVE E,06/29/2010 12:00:00 AM,Duplex,2,6,5,31100,"(44.9740335, -93.06147427)"
666 FULLER AVE,10/05/2018 12:00:00 AM,Single Family Residential,2,1,8,33500,"(44.95377516, -93.12822363)"
663 IGLEHART AVE,05/07/2019 12:00:00 AM,Single Family Residential,1,1,8,33900,"(44.94958212, -93.12811854)"
730 DESOTO ST,10/25/2016 12:00:00 AM,Duplex,2,5,5,31500,"(44.96327102, -93.08095609)"
677 PIERCE BUTLER ROUTE,01/23/2014 12:00:00 AM,Commercial,2,1,7,32400,"(44.96514262, -93.12870133)"
363 WOODLAWN AVE,04/23/2018 12:00:00 AM,Single Family Residential,2,3,14,43000,"(44.9305073, -93.1961617)"
1626 ENGLEWOOD AVE,08/16/2007 12:00:00 AM,Multi-family Residential,2,4,11,32100,"(44.96387699, -93.1690929)"
605 STRYKER AVE,04/17/2018 12:00:00 AM,Commercial,2,2,3,37100,"(44.92770752, -93.08845653)"
365 MICHIGAN ST,07/12/1995 12:00:00 AM,Single Family Residential,2,2,9,36000,"(44.93495123, -93.1152883)"
327 WINIFRED ST E,10/28/2019 12:00:00 AM,Single Family Residential,2,2,3,36100,"(44.9297476, -93.07037765)"
1023 JESSIE ST,12/09/2004 12:00:00 AM,Duplex,2,5,5,30900,"(44.97216721, -93.07754073)"
871 STICKNEY ST,12/07/2016 12:00:00 AM,Single Family Residential,1,2,3,37200,"(44.91970825, -93.0633428)"
1784 NORFOLK AVE,09/24/2013 12:00:00 AM,Single Family Residential,2,3,15,37602,"(44.89784472, -93.17574315)"
1976 FAIRMOUNT AVE,11/06/2014 12:00:00 AM,Single Family Residential,2,4,14,34900,"(44.93684723, -93.18386002)"
2117 MOHAWK AVE,05/27/2010 12:00:00 AM,Single Family Residential,1,7,2,31802,"(44.96819911, -93.01330306)"
495 KENNY ROAD,07/10/2019 12:00:00 AM,Commercial,2,5,5,33000,"(44.95748513, -93.07930334)"
1006 3RD ST E,10/31/2019 12:00:00 AM,Single Family Residential,1,7,4,34500,"(44.95662718, -93.05797522)"
1509 MARSHALL AVE,10/20/2014 12:00:00 AM,Commercial,2,1,13,33400,"(44.94860796, -93.1638708)"
1992 WELLESLEY AVE,08/27/2018 12:00:00 AM,Single Family Residential,1,3,14,36300,"(44.93143906, -93.18449933)"
1628 VAN BUREN AVE,07/30/2019 12:00:00 AM,Single Family Residential,2,4,11,32100,"(44.96177396, -93.16907853)"
100 LEXINGTON PKWY N,10/02/2019 12:00:00 AM,Duplex,1,1,8,42900,"(44.94439394, -93.14627641)"
887 CHARLES AVE,12/02/2019 12:00:00 AM,Single Family Residential,2,1,7,32500,"(44.95766869, -93.1376697)"
412 GOODRICH AVE,12/31/2014 12:00:00 AM,Single Family Residential,3,2,9,36900,"(44.93759181, -93.11738559)"
1722 ARLINGTON AVE E,10/31/2013 12:00:00 AM,Single Family Residential,2,6,2,30704,"(44.98454502, -93.02758274)"
1941 UNIVERSITY AVE W,06/15/2018 12:00:00 AM,Mixed Use,2,4,11,31900,"(44.95813753, -93.18071391)"
69 GARFIELD ST,04/05/2010 12:00:00 AM,Single Family Residential,2,2,9,35900,"(44.93928253, -93.11372992)"
647 SHERBURNE AVE,07/19/2018 12:00:00 AM,Single Family Residential,1,1,7,32500,"(44.95678551, -93.12749684)"
364 MAPLE ST,12/24/2008 12:00:00 AM,Single Family Residential,2,7,4,34500,"(44.95829623, -93.06855973)"
585 JEFFERSON AVE,11/09/2018 12:00:00 AM,Single Family Residential,2,2,9,36900,"(44.93076826, -93.12416856)"
47 DOUGLAS ST,09/16/2009 12:00:00 AM,Single Family Residential,2,2,9,35900,"(44.93994778, -93.11120531)"
975 REANEY AVE,02/11/2016 12:00:00 AM,Multi-family Residential,2,7,4,31701,"(44.9640966, -93.05940097)"
318 EDMUND AVE,10/04/2012 12:00:00 AM,Single Family Residential,2,1,7,32700,"(44.9583022, -93.11362018)"
1440 ROBLYN AVE,08/06/2010 12:00:00 AM,Commercial,3,1,13,33400,"(44.95077115, -93.16116781)"
120 WINTER ST,12/18/2019 12:00:00 AM,Single Family Residential,2,1,7,42800,"(44.95983192, -93.10502174)"
847 HUDSON ROAD,08/10/1999 12:00:00 AM,Commercial,3,7,4,34400,"(44.95238319, -93.06481546)"
917 FREMONT AVE,08/29/2018 12:00:00 AM,Duplex,2,7,4,34500,"(44.95772828, -93.06177017)"
1725 BEECH ST,09/24/2014 12:00:00 AM,Single Family Residential,2,7,1,34701,"(44.96235073, -93.02751201)"
1764 BUSH AVE,10/26/2018 12:00:00 AM,Single Family Residential,2,7,2,31801,"(44.96478404, -93.0259806)"
1853 MINNEHAHA AVE E,03/13/2020 12:00:00 AM,Single Family Residential,2,7,2,31801,"(44.96325761, -93.02212057)"
1108 6TH ST E,06/19/2019 12:00:00 AM,Single Family Residential,2,7,4,34601,"(44.96023903, -93.0536621)"
1554 MIDWAY PKWY,08/07/2012 12:00:00 AM,Commercial,2,4,10,30201,"(44.98054374, -93.16539927)"
181 FRONT AVE,11/06/2019 12:00:00 AM,Single Family Residential,1,5,6,31300,"(44.97033028, -93.10777224)"
253 UNIVERSITY AVE W,03/05/2018 12:00:00 AM,Commercial,1,1,7,32700,"(44.95595409, -93.1108941)"
853 CONWAY ST,12/30/2010 12:00:00 AM,Single Family Residential,2,7,4,34500,"(44.95595519, -93.06441724)"
1106 PAYNE AVE,02/28/2018 12:00:00 AM,Commercial,2,6,5,31000,"(44.97452392, -93.07340904)"
362 TOPPING ST,11/13/2017 12:00:00 AM,Single Family Residential,1,1,6,31300,"(44.96735315, -93.11535822)"
864 MARION ST,05/14/2010 12:00:00 AM,Duplex,3,1,6,31300,"(44.96729678, -93.10957842)"
630 OHIO ST,07/06/2016 12:00:00 AM,Single Family Residential,2,2,3,37100,"(44.92703592, -93.09753069)"
1637 BIRMINGHAM ST,02/20/2020 12:00:00 AM,Single Family Residential,1,6,2,30703,"(44.99075376, -93.04075762)"
779 CARROLL AVE,01/11/2019 12:00:00 AM,Single Family Residential,2,1,8,33500,"(44.95045933, -93.13303664)"
830 IGLEHART AVE,03/22/2011 12:00:00 AM,Duplex,2,1,8,33800,"(44.94931386, -93.13538365)"
1282 HAGUE AVE,10/23/2018 12:00:00 AM,Single Family Residential,3,1,13,35300,"(44.94569545, -93.1544906)"
54 HATCH AVE,06/11/2019 12:00:00 AM,Single Family Residential,2,5,6,31400,"(44.97098976, -93.10232849)"
664 PLUM ST,02/16/2018 12:00:00 AM,Duplex,1,7,4,34400,"(44.95103743, -93.06723779)"
661 WESTERN AVE N,09/18/2012 12:00:00 AM,Mixed Use,2,1,7,32600,"(44.96131619, -93.11627104)"
879 6TH ST E,11/04/2008 12:00:00 AM,Single Family Residential,2,7,4,33100,"(44.96044535, -93.06336716)"
362 SHERBURNE AVE,09/17/2018 12:00:00 AM,Single Family Residential,2,1,7,32700,"(44.95653018, -93.11544395)"
171 WYOMING ST E,09/11/2018 12:00:00 AM,Single Family Residential,2,2,3,37200,"(44.9205578, -93.07797476)"
1694 EDMUND AVE,09/24/2019 12:00:00 AM,Duplex,1,4,11,32000,"(44.95822271, -93.17179952)"
1119 RAYMOND AVE UNIT 2,06/07/2017 12:00:00 AM,Multi-family Residential,2,4,12,30100,"(44.97563186, -93.19288193)"
903 YORK AVE,06/13/2018 12:00:00 AM,Duplex,2,6,5,31600,"(44.96882435, -93.06206537)"
2120 ROSE AVE E,10/16/2019 12:00:00 AM,Single Family Residential,1,6,2,31802,"(44.97602003, -93.01087782)"
284 ALBERT ST S,04/12/2018 12:00:00 AM,Single Family Residential,2,3,14,36500,"(44.93297313, -93.15924514)"
380 RANDOLPH AVE,11/21/2006 12:00:00 AM,Commercial,2,2,9,36000,"(44.92671507, -93.11591551)"
360 FULLER AVE,08/16/2016 12:00:00 AM,Multi-family Residential,2,1,8,33700,"(44.95379932, -93.11533011)"
1095 4TH ST E,04/24/2020 12:00:00 AM,Single Family Residential,1,7,4,34601,"(44.95870587, -93.05413069)"
2039 CASE AVE,03/05/2019 12:00:00 AM,Single Family Residential,1,6,2,31802,"(44.97046105, -93.01433602)"
1656 GURNEY ST,11/09/2018 12:00:00 AM,Single Family Residential,2,5,6,30500,"(44.99115493, -93.09999674)"
678 SNELLING AVE N,10/05/2016 12:00:00 AM,Commercial,3,4,11,32100,"(44.96153928, -93.1668219)"
1475 PACIFIC ST,10/17/2017 12:00:00 AM,Single Family Residential,2,7,1,34602,"(44.95152562, -93.03812046)"
1655 WESTMINSTER ST,09/25/2019 12:00:00 AM,Single Family Residential,2,5,5,30601,"(44.99108369, -93.08653776)"
535 FOREST ST,04/26/2019 12:00:00 AM,Single Family Residential,2,7,4,34500,"(44.95741044, -93.06116126)"
428 BAY ST,07/18/2018 12:00:00 AM,Single Family Residential,2,2,9,36800,"(44.92850757, -93.13047925)"
705 MAGNOLIA AVE E,10/09/2019 12:00:00 AM,Single Family Residential,1,6,5,31000,"(44.9740077, -93.07065305)"
318 WYOMING ST E,04/02/2020 12:00:00 AM,Single Family Residential,1,2,3,37200,"(44.92025487, -93.07188112)"
257 LAFOND AVE,07/18/2019 12:00:00 AM,Single Family Residential,2,1,7,32700,"(44.96051938, -93.11100726)"
702 WILSON AVE,01/15/2020 12:00:00 AM,Single Family Residential,2,7,4,34400,"(44.95286545, -93.06631087)"
1205 COOK AVE E,03/10/2020 12:00:00 AM,Single Family Residential,1,6,5,31600,"(44.97321105, -93.04961102)"
1802 ROSS AVE,09/01/2010 12:00:00 AM,Single Family Residential,2,7,2,31801,"(44.96563611, -93.02434001)"
1699 CLEAR AVE,06/26/2019 12:00:00 AM,Single Family Residential,2,6,2,30704,"(44.98219672, -93.02871565)"
771 IOWA AVE W,07/22/2011 12:00:00 AM,Single Family Residential,2,5,10,30300,"(44.98931388, -93.1324226)"
332 JESSAMINE AVE E,04/11/2018 12:00:00 AM,Single Family Residential,2,5,5,30900,"(44.97440697, -93.08659931)"
251 DAYTON AVE,10/12/2017 12:00:00 AM,Duplex,2,1,8,34000,"(44.94767826, -93.1104617)"
1313 SEMINARY AVE,06/05/2008 12:00:00 AM,Single Family Residential,2,4,11,32300,"(44.96488803, -93.15572938)"
575 PARK ST,11/13/2007 12:00:00 AM,Single Family Residential,2,1,7,42800,"(44.95867481, -93.10394814)"
799 AURORA AVE,04/27/2020 12:00:00 AM,Duplex,1,1,8,33500,"(44.95494618, -93.13379003)"
1849 NEBRASKA AVE E,03/04/2020 12:00:00 AM,Single Family Residential,1,6,2,30702,"(44.98668937, -93.02215573)"
1830 7TH ST E,05/22/2019 12:00:00 AM,Single Family Residential,2,7,2,31801,"(44.96650875, -93.02324075)"
1011 MARGARET ST,01/08/2020 12:00:00 AM,Duplex,1,7,4,31701,"(44.9615207, -93.05789316)"
1021 FULLER AVE,08/06/2018 12:00:00 AM,Single Family Residential,2,1,8,33500,"(44.95406085, -93.14315961)"
1431 RICE ST,03/19/2020 12:00:00 AM,Commercial,2,5,6,30400,"(44.98421798, -93.10625907)"
1895 ST ANTHONY AVE,08/20/2018 12:00:00 AM,Duplex,2,4,13,33200,"(44.95336764, -93.17990722)"
1786 HAWTHORNE AVE E,12/01/2016 12:00:00 AM,Single Family Residential,2,6,2,30702,"(44.97825935, -93.02490216)"
1034 BRADLEY ST,08/15/2019 12:00:00 AM,Single Family Residential,1,5,5,30900,"(44.97243979, -93.07846909)"
110 DOUGLAS ST,06/28/2018 12:00:00 AM,Single Family Residential,1,2,9,36000,"(44.93817835, -93.11085705)"
701 SURREY AVE,10/03/2013 12:00:00 AM,Duplex,2,7,4,34400,"(44.9544002, -93.06797762)"
941 GREENBRIER ST,01/29/2019 12:00:00 AM,Single Family Residential,1,6,5,31500,"(44.9697005, -93.07119577)"
50 FILLMORE AVE E,02/26/2008 12:00:00 AM,Commercial,2,2,3,37100,"(44.9402142051823, -93.087190229936)"
914 UNIVERSITY AVE W,08/06/2013 12:00:00 AM,Commercial,2,1,8,33500,"(44.95552744, -93.13869976)"
1545 7TH ST W,04/21/2020 12:00:00 AM,Commercial,2,2,9,36700,"(44.91819947, -93.14127988)"
837 4TH ST E,05/06/2015 12:00:00 AM,Single Family Residential,2,7,4,34500,"(44.95851989, -93.06530366)"
389 CHARLES AVE,04/23/2020 12:00:00 AM,Single Family Residential,2,1,7,32600,"(44.95767158, -93.11660561)"
1087 MINNEHAHA AVE E,12/05/2019 12:00:00 AM,Single Family Residential,1,7,4,31701,"(44.96318507, -93.05468928)"
2531 EDGCUMBE ROAD,04/04/2017 12:00:00 AM,Single Family Residential,2,3,15,37601,"(44.90375774, -93.17750887)"
707 PREBLE ST,11/22/2019 12:00:00 AM,Duplex,2,6,5,33000,"(44.9625075, -93.07527055)"
1022 BURGESS ST,12/03/2019 12:00:00 AM,Single Family Residential,2,1,10,31200,"(44.96824697, -93.14325947)"
953 SHERBURNE AVE,08/17/2018 12:00:00 AM,Single Family Residential,2,1,7,32500,"(44.95677167, -93.14037983)"
610 LARPENTEUR AVE E,04/03/2019 12:00:00 AM,Duplex,2,6,5,30602,"(44.99175214, -93.0748853)"
1082 LOEB ST,10/03/2019 12:00:00 AM,Single Family Residential,2,5,6,30800,"(44.9737785, -93.12491004)"
56 VICTORIA ST N,11/27/2019 12:00:00 AM,Single Family Residential,2,1,8,42900,"(44.94338649, -93.13631267)"
2150 JAMES AVE,05/31/2019 12:00:00 AM,Single Family Residential,2,3,14,43000,"(44.92781008, -93.19118848)"
1187 MARYLAND AVE E,08/07/2018 12:00:00 AM,Single Family Residential,2,6,5,31100,"(44.97768927, -93.05021841)"
716 SIMS AVE,01/15/2020 12:00:00 AM,Single Family Residential,2,6,5,31500,"(44.9692391, -93.07033954)"
1735 REANEY AVE,11/08/2018 12:00:00 AM,Single Family Residential,2,7,2,31801,"(44.96423565, -93.0270493)"
1174 CHARLES AVE,09/12/2019 12:00:00 AM,Single Family Residential,2,4,11,32300,"(44.95738979, -93.14982778)"
1041 JENKS AVE,09/19/2019 12:00:00 AM,Single Family Residential,1,6,5,31600,"(44.97138599, -93.05659978)"
791 MINNEHAHA AVE W,02/14/2020 12:00:00 AM,Single Family Residential,1,1,7,32400,"(44.96311398, -93.13343796)"
228 FRONT AVE,06/21/2018 12:00:00 AM,Commercial,2,1,6,31300,"(44.97010925, -93.10960147)"
1784 MONTANA AVE E,01/18/2019 12:00:00 AM,Commercial,1,6,2,30702,"(44.98734059, -93.02478535)"
92 WHEELOCK PKWY E,03/04/2020 12:00:00 AM,Single Family Residential,1,5,6,30500,"(44.99039434, -93.09690886)"
174 PAGE ST W,05/31/2019 12:00:00 AM,Single Family Residential,3,2,3,37100,"(44.92447104, -93.09306414)"
1785 VAN BUREN AVE,05/15/2012 12:00:00 AM,Single Family Residential,2,4,11,32000,"(44.96209452, -93.17583805)"
1023 TOPPING ST,12/18/2019 12:00:00 AM,Single Family Residential,1,1,10,31200,"(44.96762622, -93.14328505)"
832 ARMSTRONG AVE,07/10/2018 12:00:00 AM,Duplex,1,2,9,36800,"(44.92488982, -93.13514311)"
994 GOODRICH AVE,10/13/2017 12:00:00 AM,Duplex,2,2,16,35700,"(44.93768091, -93.14192772)"
2173 MARGARET ST,06/11/2019 12:00:00 AM,Single Family Residential,2,7,1,34702,"(44.96142747, -93.00898512)"
920 FREMONT AVE,06/13/2019 12:00:00 AM,Single Family Residential,2,7,4,34500,"(44.95741496, -93.06171532)"
1411 ALBEMARLE ST,12/03/2019 12:00:00 AM,Single Family Residential,1,5,6,30400,"(44.98369079, -93.10736716)"
458 BLAIR AVE,09/11/2015 12:00:00 AM,Duplex,2,1,7,32600,"(44.96101452, -93.11941761)"
342 THOMAS AVE,08/22/2019 12:00:00 AM,Single Family Residential,2,1,7,32700,"(44.95922701, -93.11445849)"
39 HILLTOP LANE,10/15/2013 12:00:00 AM,Single Family Residential,1,3,15,37500,"(44.90783306, -93.17556701)"
121 HATCH AVE,12/05/2018 12:00:00 AM,Single Family Residential,2,5,6,31400,"(44.97123537, -93.10504476)"
187 7TH PLACE E,08/12/2008 12:00:00 AM,Commercial,2,2,17,34202,"(44.95031947, -93.09034852)"
1825 UNIVERSITY AVE W,08/04/2016 12:00:00 AM,Commercial,2,4,11,31900,"(44.95635388, -93.17750637)"
1793 MARYLAND AVE E,11/30/2018 12:00:00 AM,Single Family Residential,2,6,2,30702,"(44.97764702, -93.0246582)"
574 SHERBURNE AVE,03/18/2013 12:00:00 AM,Duplex,2,1,7,32600,"(44.95651907, -93.1244242)"
2056 NOKOMIS AVE,08/22/2019 12:00:00 AM,Single Family Residential,2,7,2,31802,"(44.96634659, -93.01422277)"
908 JEFFERSON AVE,11/09/2018 12:00:00 AM,Single Family Residential,2,2,9,36700,"(44.93043016, -93.13845679)"
999 PAYNE AVE,08/13/2014 12:00:00 AM,Commercial,2,6,5,31000,"(44.97140757, -93.07366658)"
698 DESOTO ST,03/02/2012 12:00:00 AM,Duplex,2,5,5,33000,"(44.96227997, -93.08091425)"
363 LAWSON AVE E,10/03/2018 12:00:00 AM,Single Family Residential,2,5,5,30900,"(44.97203672, -93.08503769)"
109 LEXINGTON PKWY N,06/25/2019 12:00:00 AM,Single Family Residential,2,1,13,35300,"(44.94463364, -93.14698308)"
1457 3RD ST E,10/01/2014 12:00:00 AM,Single Family Residential,2,7,1,34602,"(44.95697096, -93.03883609)"
1816 MINNEHAHA AVE E,09/22/2017 12:00:00 AM,Single Family Residential,2,7,1,34701,"(44.96285703, -93.02377133)"
854 EDMUND AVE,12/29/2016 12:00:00 AM,Duplex,2,1,7,32500,"(44.95826839, -93.13620405)"
733 FAIRVIEW AVE N,09/04/2014 12:00:00 AM,Single Family Residential,2,4,11,32000,"(44.96326982, -93.1774066)"
970 REANEY AVE,02/10/2017 12:00:00 AM,Single Family Residential,2,7,4,31701,"(44.96370318, -93.05959529)"
245 MARYLAND AVE E,01/02/2020 12:00:00 AM,Commercial,1,5,6,30500,"(44.97949948, -93.09150903)"
1091 ROSE AVE E,12/06/2019 12:00:00 AM,Single Family Residential,1,6,5,31100,"(44.97680236, -93.05442133)"
749 CHARLES AVE,05/06/2010 12:00:00 AM,Single Family Residential,2,1,7,32500,"(44.95769081, -93.13192658)"
963 WATSON AVE,12/10/2019 12:00:00 AM,Single Family Residential,1,2,9,36700,"(44.92430053, -93.1407266)"
1352 SUMMIT AVE,01/28/2020 12:00:00 AM,Duplex,1,3,14,35200,"(44.94100544, -93.15746483)"
706 CONWAY ST,11/27/2012 12:00:00 AM,Duplex,2,7,4,34400,"(44.95482796, -93.06825796)"
41 MILLER CREST LANE,09/24/2010 12:00:00 AM,Single Family Residential,2,7,1,37402,"(44.94344176, -93.03037778)"
255 UNIVERSITY AVE W,03/05/2018 12:00:00 AM,Commercial,1,1,7,32700,"(44.95594822, -93.11096351)"
1569 STILLWATER AVE,07/12/2019 12:00:00 AM,Single Family Residential,2,6,2,31801,"(44.96793435, -93.03420285)"
282 WYOMING ST E,05/31/2013 12:00:00 AM,Single Family Residential,2,2,3,37200,"(44.92021451, -93.07362768)"
736 PLUM ST,08/02/2019 12:00:00 AM,Single Family Residential,2,7,4,34400,"(44.95296365, -93.06378514)"
822 VAN BUREN AVE,11/28/2007 12:00:00 AM,Duplex,2,1,7,32400,"(44.96191208, -93.13493396)"
927 WOODBRIDGE ST FL 1,06/07/2019 12:00:00 AM,Duplex,1,1,6,31300,"(44.9692685, -93.10864342)"
1545 ETNA ST,04/04/2017 12:00:00 AM,Single Family Residential,2,6,2,30703,"(44.98794269, -93.04205102)"
1390 BEECH ST,02/05/2019 12:00:00 AM,Single Family Residential,1,7,4,34602,"(44.96206555, -93.04199864)"
692 6TH ST E,02/21/2019 12:00:00 AM,Single Family Residential,1,7,4,34400,"(44.95716927, -93.07179441)"
53 GERANIUM AVE W,02/13/2018 12:00:00 AM,Single Family Residential,2,5,6,30500,"(44.97569437, -93.10227012)"
935 IGLEHART AVE,03/23/2017 12:00:00 AM,Single Family Residential,2,1,8,33800,"(44.94957358, -93.13968929)"
1020 CARROLL AVE,03/12/2008 12:00:00 AM,Single Family Residential,2,1,8,33800,"(44.95012389, -93.14321129)"
1064 BUSH AVE,10/29/2019 12:00:00 AM,Single Family Residential,2,7,4,31701,"(44.9647582, -93.05565588)"
1350 HAGUE AVE,10/27/2017 12:00:00 AM,Single Family Residential,2,1,13,35200,"(44.94571273, -93.15721502)"
981 MENDOTA ST,09/21/2018 12:00:00 AM,Single Family Residential,2,6,5,31600,"(44.9708853, -93.06355502)"
714 WESTERN AVE N,08/08/2019 12:00:00 AM,Single Family Residential,2,1,7,32700,"(44.96273657, -93.11597462)"
346 SHERBURNE AVE,04/25/2016 12:00:00 AM,Single Family Residential,2,1,7,32700,"(44.95655446, -93.11462031)"
1067 COMO PLACE,04/16/2018 12:00:00 AM,Single Family Residential,2,5,10,31200,"(44.97333441, -93.13461986)"
1426 DESOTO ST,11/15/2019 12:00:00 AM,Single Family Residential,2,5,5,30601,"(44.98409977, -93.08092639)"
284 MAPLE ST,02/07/2020 12:00:00 AM,Single Family Residential,2,7,4,34500,"(44.95618612, -93.06629569)"
1470 KENT ST,01/21/2020 12:00:00 AM,Single Family Residential,2,5,6,30400,"(44.98542697, -93.12343498)"
218 PASCAL ST N,04/10/2019 12:00:00 AM,Commercial,2,1,13,33400,"(44.94787396, -93.16173635)"
1419 RANDOLPH AVE,05/31/2018 12:00:00 AM,Single Family Residential,2,3,14,36500,"(44.92713125, -93.16018378)"
1274 EDGERTON ST,12/14/2017 12:00:00 AM,Single Family Residential,2,6,5,31000,"(44.97966256, -93.07588238)"
901 YORK AVE,08/21/2015 12:00:00 AM,Single Family Residential,2,6,5,31600,"(44.96861168, -93.06228504)"
433 ROBERT ST S,10/09/2017 12:00:00 AM,Commercial,2,2,3,37100,"(44.9328391, -93.0812451)"
2340 CHARLES AVE,11/04/2019 12:00:00 AM,Commercial,1,4,12,31900,"(44.9644177, -93.19592519)"
736 OAKDALE AVE,07/10/2019 12:00:00 AM,Commercial,1,2,3,37200,"(44.92386511, -93.07758793)"
1117 JENKS AVE,12/24/2018 12:00:00 AM,Single Family Residential,2,6,5,31600,"(44.9713994, -93.05344721)"
930 JESSAMINE AVE E,10/08/2018 12:00:00 AM,Single Family Residential,2,6,5,31100,"(44.97465688, -93.06136553)"
225 WINIFRED ST W,07/11/2016 12:00:00 AM,Single Family Residential,2,2,3,37100,"(44.93149246, -93.09512042)"
578 SARATOGA ST S,12/21/2012 12:00:00 AM,Single Family Residential,1,3,15,36500,"(44.92410277, -93.16425534)"
578 LAFOND AVE,11/21/2017 12:00:00 AM,Single Family Residential,3,1,7,32600,"(44.96009853, -93.12460057)"
240 COTTAGE AVE W,03/25/2019 12:00:00 AM,Single Family Residential,2,5,6,30400,"(44.98263532, -93.11022338)"
2039 CASE AVE,03/05/2019 12:00:00 AM,Single Family Residential,1,6,2,31802,"(44.97046105, -93.01433602)"
657 SHERBURNE AVE,01/31/2017 12:00:00 AM,Single Family Residential,3,1,7,32500,"(44.95676679, -93.12795926)"
1138 FLANDRAU ST,04/24/2020 12:00:00 AM,Single Family Residential,1,6,2,31801,"(44.9756344, -93.02761602)"
1628 DARLENE ST,11/05/2013 12:00:00 AM,Single Family Residential,2,6,2,30702,"(44.99046729, -93.01862924)"
401 ROSE AVE E,08/23/2018 12:00:00 AM,Single Family Residential,2,5,5,30900,"(44.97658035, -93.08346431)"
975 REANEY AVE,02/11/2016 12:00:00 AM,Multi-family Residential,2,7,4,31701,"(44.9640966, -93.05940097)"
2173 MARGARET ST,06/11/2019 12:00:00 AM,Single Family Residential,2,7,1,34702,"(44.96142747, -93.00898512)"
444 PAGE ST E,06/14/2018 12:00:00 AM,Single Family Residential,2,2,3,37200,"(44.92471475, -93.06676567)"
767 4TH ST E,01/09/2009 12:00:00 AM,Duplex,2,7,4,34500,"(44.9576794, -93.06707715)"
1143 WOODBRIDGE ST,05/02/2018 12:00:00 AM,Single Family Residential,3,5,6,30800,"(44.97551954, -93.10869364)"
1274 EDGERTON ST,12/14/2017 12:00:00 AM,Single Family Residential,2,6,5,31000,"(44.97966256, -93.07588238)"
1803 MARGARET ST,01/23/2019 12:00:00 AM,Single Family Residential,2,7,1,34701,"(44.96147472, -93.02413285)"
1523 ST ALBANS ST N,06/17/2019 12:00:00 AM,Single Family Residential,2,5,10,30300,"(44.98699052, -93.12894387)"
702 WILSON AVE,01/15/2020 12:00:00 AM,Single Family Residential,2,7,4,34400,"(44.95286545, -93.06631087)"
365 MICHIGAN ST,07/12/1995 12:00:00 AM,Single Family Residential,2,2,9,36000,"(44.93495123, -93.1152883)"
1013 JAMESON ST,11/02/2016 12:00:00 AM,Duplex,2,5,10,31200,"(44.97169123, -93.13256022)"
869 5TH ST E,06/02/2016 12:00:00 AM,Commercial,1,7,4,33100,"(44.95954289, -93.06397101)"
1569 STILLWATER AVE,07/12/2019 12:00:00 AM,Single Family Residential,2,6,2,31801,"(44.96793435, -93.03420285)"
871 STICKNEY ST,12/07/2016 12:00:00 AM,Single Family Residential,1,2,3,37200,"(44.91970825, -93.0633428)"
1022 BURGESS ST,12/03/2019 12:00:00 AM,Single Family Residential,2,1,10,31200,"(44.96824697, -93.14325947)"
920 FREMONT AVE,06/13/2019 12:00:00 AM,Single Family Residential,2,7,4,34500,"(44.95741496, -93.06171532)"
842 RICE ST,11/24/2010 12:00:00 AM,Commercial,2,1,6,31400,"(44.96672432, -93.10576695)"
867 FULLER AVE,06/25/2019 12:00:00 AM,Single Family Residential,1,1,8,33500,"(44.95408331, -93.13684089)"
1282 HAGUE AVE,10/23/2018 12:00:00 AM,Single Family Residential,3,1,13,35300,"(44.94569545, -93.1544906)"
255 UNIVERSITY AVE W,03/05/2018 12:00:00 AM,Commercial,1,1,7,32700,"(44.95594822, -93.11096351)"
439 HERSCHEL ST,08/10/2016 12:00:00 AM,Single Family Residential,2,4,13,33200,"(44.95451765, -93.1735684)"
213 BATES AVE,12/12/2018 12:00:00 AM,Commercial,2,7,4,34400,"(44.95280047, -93.06581868)"
2255 UPPER AFTON ROAD,05/13/2020 12:00:00 AM,Single Family Residential,1,7,1,37403,"(44.94119304, -93.00527401)"
1830 7TH ST E,05/22/2019 12:00:00 AM,Single Family Residential,2,7,2,31801,"(44.96650875, -93.02324075)"
965 MISSISSIPPI RIVER BLVD S,08/01/2018 12:00:00 AM,Mixed Use,1,3,15,37601,"(44.91278959, -93.19796605)"
736 OAKDALE AVE,07/10/2019 12:00:00 AM,Commercial,1,2,3,37200,"(44.92386511, -93.07758793)"
1355 PAYNE AVE,01/06/2017 12:00:00 AM,Single Family Residential,2,6,5,30602,"(44.98216596, -93.07379823)"
953 WESTMINSTER ST,09/04/2019 12:00:00 AM,Single Family Residential,2,5,5,33000,"(44.96983085, -93.08572134)"
1610 ASHLAND AVE,10/17/2019 12:00:00 AM,Single Family Residential,1,4,13,35000,"(44.9438023, -93.16829222)"
821 AGATE ST,06/29/2018 12:00:00 AM,Single Family Residential,2,5,6,31400,"(44.96610849, -93.09440382)"
1525 MARSHALL AVE,05/07/2020 12:00:00 AM,Single Family Residential,2,1,13,33400,"(44.94866032, -93.16454694)"
605 STRYKER AVE,04/17/2018 12:00:00 AM,Commercial,2,2,3,37100,"(44.92770752, -93.08845653)"
955 BRADLEY ST,02/05/2016 12:00:00 AM,Single Family Residential,2,5,5,31500,"(44.96993624, -93.07878748)"
1093 6TH ST E,02/28/2019 12:00:00 AM,Single Family Residential,1,7,4,34601,"(44.96050469, -93.05426521)"
1549 HAZEL ST N,12/03/2019 12:00:00 AM,Single Family Residential,2,6,2,30702,"(44.9879978, -93.02034868)"
716 SIMS AVE,01/15/2020 12:00:00 AM,Single Family Residential,2,6,5,31500,"(44.9692391, -93.07033954)"
1525 DIETER ST,05/19/2020 12:00:00 AM,Single Family Residential,1,6,2,30703,"(44.98736762, -93.03691483)"
1694 EDMUND AVE,09/24/2019 12:00:00 AM,Duplex,1,4,11,32000,"(44.95822271, -93.17179952)"
247 RICHMOND ST,04/02/2020 12:00:00 AM,Single Family Residential,1,2,9,36900,"(44.93388359, -93.11860686)"
2075 SCUDDER ST,08/05/2004 12:00:00 AM,Single Family Residential,2,4,12,30100,"(44.97876189, -93.18784545)"
536 IOWA AVE E,06/24/2008 12:00:00 AM,Single Family Residential,2,5,5,30601,"(44.98900799, -93.0781795)"
1153 GALTIER ST,05/18/2020 12:00:00 AM,Single Family Residential,1,5,6,30800,"(44.97589925, -93.11124841)"
847 HUDSON ROAD,08/10/1999 12:00:00 AM,Commercial,3,7,4,34400,"(44.95238319, -93.06481546)"
1545 7TH ST W,04/21/2020 12:00:00 AM,Commercial,2,2,9,36700,"(44.91819947, -93.14127988)"
1514 VAN BUREN AVE,04/18/2017 12:00:00 AM,Single Family Residential,2,4,11,32100,"(44.96181861, -93.16455488)"
1199 BEECH ST,05/02/2018 12:00:00 AM,Single Family Residential,2,7,4,34601,"(44.96233123, -93.04984249)"
853 CONWAY ST,12/30/2010 12:00:00 AM,Single Family Residential,2,7,4,34500,"(44.95595519, -93.06441724)"
1794 MINNEHAHA AVE E,06/14/2019 12:00:00 AM,Duplex,2,7,1,34701,"(44.96291445, -93.02457413)"
1941 UNIVERSITY AVE W,06/15/2018 12:00:00 AM,Mixed Use,2,4,11,31900,"(44.95813753, -93.18071391)"
1904 PRINCETON AVE,07/12/2007 12:00:00 AM,Single Family Residential,3,3,14,35100,"(44.93594881, -93.18080701)"
756 FULLER AVE,03/18/2020 12:00:00 AM,Single Family Residential,1,1,8,33500,"(44.95378781, -93.13218991)"
363 LAWSON AVE E,10/03/2018 12:00:00 AM,Single Family Residential,2,5,5,30900,"(44.97203672, -93.08503769)"
1800 MISSISSIPPI RIVER BLVD S,10/01/2019 12:00:00 AM,Single Family Residential,1,3,15,37601,"(44.89750076, -93.18396833)"
985 WOODBRIDGE ST,02/05/2014 12:00:00 AM,Single Family Residential,3,5,6,31300,"(44.97093948, -93.10868123)"
1011 BURNS AVE,09/07/2018 12:00:00 AM,Single Family Residential,2,7,4,34500,"(44.94886992, -93.05771666)"
949 PAYNE AVE,09/07/2017 12:00:00 AM,Commercial,1,6,5,31500,"(44.96990716, -93.07369804)"
1079 MARYLAND AVE E,06/11/2018 12:00:00 AM,Single Family Residential,2,6,5,31100,"(44.9776901, -93.05486022)"
284 ALBERT ST S,04/12/2018 12:00:00 AM,Single Family Residential,2,3,14,36500,"(44.93297313, -93.15924514)"
495 KENNY ROAD,07/10/2019 12:00:00 AM,Commercial,2,5,5,33000,"(44.95748513, -93.07930334)"
412 GOODRICH AVE,12/31/2014 12:00:00 AM,Single Family Residential,3,2,9,36900,"(44.93759181, -93.11738559)"
54 HATCH AVE,06/11/2019 12:00:00 AM,Single Family Residential,2,5,6,31400,"(44.97098976, -93.10232849)"
225 WINIFRED ST W,07/11/2016 12:00:00 AM,Single Family Residential,2,2,3,37100,"(44.93149246, -93.09512042)"
677 PIERCE BUTLER ROUTE,01/23/2014 12:00:00 AM,Commercial,2,1,7,32400,"(44.96514262, -93.12870133)"
699 SNELLING AVE N,07/02/2019 12:00:00 AM,Commercial,2,4,11,32100,"(44.96222907, -93.16748896)"
378 JESSAMINE AVE E,04/27/2018 12:00:00 AM,Single Family Residential,2,5,5,30900,"(44.97448767, -93.08455649)"
1440 MARSHALL AVE,04/10/2019 12:00:00 AM,Commercial,2,1,13,33400,"(44.94820282, -93.16124529)"
909 DESOTO ST,05/26/2020 12:00:00 AM,Single Family Residential,1,5,5,31500,"(44.96865658, -93.08137275)"
925 MAGNOLIA AVE E,06/29/2010 12:00:00 AM,Duplex,2,6,5,31100,"(44.9740335, -93.06147427)"
318 EDMUND AVE,10/04/2012 12:00:00 AM,Single Family Residential,2,1,7,32700,"(44.9583022, -93.11362018)"
792 ROSE AVE E,02/19/2020 12:00:00 AM,Single Family Residential,2,6,5,31000,"(44.97647282, -93.06691482)"
1501 CLARENCE ST,05/04/2020 12:00:00 AM,Single Family Residential,2,6,2,30703,"(44.98673412, -93.04330766)"
1802 ROSS AVE,09/01/2010 12:00:00 AM,Single Family Residential,2,7,2,31801,"(44.96563611, -93.02434001)"
228 FRONT AVE,06/21/2018 12:00:00 AM,Commercial,2,1,6,31300,"(44.97010925, -93.10960147)"
1004 THOMAS AVE,06/18/2013 12:00:00 AM,Duplex,2,1,7,32500,"(44.95920577, -93.14257873)"
1021 MINNEHAHA AVE E,03/02/2017 12:00:00 AM,Single Family Residential,2,7,4,31701,"(44.96314948, -93.05744411)"
1764 BUSH AVE,10/26/2018 12:00:00 AM,Single Family Residential,2,7,2,31801,"(44.96478404, -93.0259806)"
257 LAFOND AVE,07/18/2019 12:00:00 AM,Single Family Residential,2,1,7,32700,"(44.96051938, -93.11100726)"
1811 MONTANA AVE E,07/25/2019 12:00:00 AM,Single Family Residential,2,6,2,30702,"(44.98759289, -93.02373283)"
318 WYOMING ST E,04/02/2020 12:00:00 AM,Single Family Residential,1,2,3,37200,"(44.92025487, -93.07188112)"
1144 FAIRMOUNT AVE,03/13/2019 12:00:00 AM,Single Family Residential,2,2,16,35300,"(44.93664925, -93.14848754)"
581 THOMAS AVE,06/06/2019 12:00:00 AM,Duplex,1,1,7,32600,"(44.9594387, -93.12479572)"
1508 COMO AVE,07/29/2003 12:00:00 AM,Duplex,2,4,10,30201,"(44.97712697, -93.16385771)"
1976 FAIRMOUNT AVE,11/06/2014 12:00:00 AM,Single Family Residential,2,4,14,34900,"(44.93684723, -93.18386002)"
1630 UNIVERSITY AVE W,09/11/2017 12:00:00 AM,Commercial,1,4,13,33400,"(44.95536474, -93.16902731)"
2210 EDGCUMBE ROAD,11/19/2019 12:00:00 AM,Single Family Residential,1,3,15,37500,"(44.9086126, -93.17277989)"
735 MARGARET ST,04/23/2010 12:00:00 AM,Multi-family Residential,3,7,4,33100,"(44.96132763, -93.06974182)"
963 WATSON AVE,12/10/2019 12:00:00 AM,Single Family Residential,1,2,9,36700,"(44.92430053, -93.1407266)"
663 3RD ST E,04/26/2011 12:00:00 AM,Multi-family Residential,2,7,4,34400,"(44.95479641, -93.07125461)"
1825 MECHANIC AVE,11/06/2017 12:00:00 AM,Duplex,2,6,2,31801,"(44.97312441, -93.02344732)"
689 PARKVIEW AVE,07/01/2019 12:00:00 AM,Single Family Residential,2,5,10,30300,"(44.98385176, -93.12921824)"
560 CHARLES AVE,05/03/2019 12:00:00 AM,Single Family Residential,2,1,7,32600,"(44.95741776, -93.1240068)"
953 JENKS AVE,09/05/2019 12:00:00 AM,Single Family Residential,2,6,5,31600,"(44.97136283, -93.06020049)"
174 PAGE ST W,05/31/2019 12:00:00 AM,Single Family Residential,3,2,3,37100,"(44.92447104, -93.09306414)"
1784 MONTANA AVE E,01/18/2019 12:00:00 AM,Commercial,1,6,2,30702,"(44.98734059, -93.02478535)"
1082 LOEB ST,10/03/2019 12:00:00 AM,Single Family Residential,2,5,6,30800,"(44.9737785, -93.12491004)"
282 WYOMING ST E,05/31/2013 12:00:00 AM,Single Family Residential,2,2,3,37200,"(44.92021451, -93.07362768)"
811 4TH ST E,10/30/2006 12:00:00 AM,Single Family Residential,2,7,4,34500,"(44.95822343, -93.06589658)"
2079 MARGARET ST,12/12/2019 12:00:00 AM,Single Family Residential,1,7,1,34702,"(44.96147314, -93.01281707)"
1064 BUSH AVE,10/29/2019 12:00:00 AM,Single Family Residential,3,7,4,31701,"(44.9647582, -93.05565588)"
1895 ST ANTHONY AVE,08/20/2018 12:00:00 AM,Duplex,2,4,13,33200,"(44.95336764, -93.17990722)"
2531 EDGCUMBE ROAD,04/04/2017 12:00:00 AM,Single Family Residential,2,3,15,37601,"(44.90375774, -93.17750887)"
850 WHITE BEAR AVE N,11/16/2018 12:00:00 AM,Commercial,1,7,2,31801,"(44.9669877449914, -93.025133824385)"
395 MICHIGAN ST,05/15/1996 12:00:00 AM,Single Family Residential,3,2,9,36900,"(44.93525986, -93.11670931)"
1699 CLEAR AVE,06/26/2019 12:00:00 AM,Single Family Residential,2,6,2,30704,"(44.98219672, -93.02871565)"
2150 JAMES AVE,05/31/2019 12:00:00 AM,Single Family Residential,2,3,14,43000,"(44.92781008, -93.19118848)"
624 STATE ST,01/07/2020 12:00:00 AM,Duplex,1,2,3,37200,"(44.92735673, -93.07906806)"
2101 KNAPP ST,10/06/2011 12:00:00 AM,Multi-family Residential,2,4,12,30100,"(44.97983527, -93.18917006)"
694 SHERBURNE AVE,08/06/2012 12:00:00 AM,Duplex,2,1,7,32500,"(44.95648896, -93.1295784)"
251 DAYTON AVE,10/12/2017 12:00:00 AM,Duplex,2,1,8,34000,"(44.94767826, -93.1104617)"
1033 REANEY AVE,08/15/2019 12:00:00 AM,Duplex,2,7,4,31701,"(44.96409945, -93.05698759)"
630 OHIO ST,07/06/2016 12:00:00 AM,Single Family Residential,2,2,3,37100,"(44.92703592, -93.09753069)"
377 MARYLAND AVE W,02/14/2019 12:00:00 AM,Single Family Residential,2,5,6,30800,"(44.97748001, -93.11595527)"
1091 ROSE AVE E,12/06/2019 12:00:00 AM,Single Family Residential,1,6,5,31100,"(44.97680236, -93.05442133)"
1411 ALBEMARLE ST,12/03/2019 12:00:00 AM,Single Family Residential,1,5,6,30400,"(44.98369079, -93.10736716)"
865 ATLANTIC ST,03/11/2016 12:00:00 AM,Commercial,2,6,4,31701,"(44.96735103, -93.04843771)"
53 GERANIUM AVE W,02/13/2018 12:00:00 AM,Single Family Residential,2,5,6,30500,"(44.97569437, -93.10227012)"
200 SYCAMORE ST W,07/03/2019 12:00:00 AM,Commercial,1,1,6,31300,"(44.9646338, -93.10819779)"
2056 NOKOMIS AVE,08/22/2019 12:00:00 AM,Single Family Residential,2,7,2,31802,"(44.96634659, -93.01422277)"
420 CEDAR ST,06/19/2009 12:00:00 AM,Commercial,2,2,17,34201,"(44.94766356, -93.09428778)"
56 VICTORIA ST N,11/27/2019 12:00:00 AM,Single Family Residential,2,1,8,42900,"(44.94338649, -93.13631267)"
975 HUDSON ROAD,11/19/2015 12:00:00 AM,Single Family Residential,2,7,4,34500,"(44.95237257, -93.05925407)"
1080 UNIVERSITY AVE W,04/30/2015 12:00:00 AM,Commercial,2,1,8,33500,"(44.95554313, -93.14547304)"
1992 WELLESLEY AVE,08/27/2018 12:00:00 AM,Single Family Residential,1,3,14,36300,"(44.93143906, -93.18449933)"
680 MINNEHAHA AVE E BLDG 3,07/21/2005 12:00:00 AM,Multi-family Residential,2,,,,"(44.96289144, -93.07224302)"
1600 7TH ST W,06/26/2018 12:00:00 AM,Commercial,2,2,9,36700,"(44.91650854, -93.14238354)"
50 FILLMORE AVE E,02/26/2008 12:00:00 AM,Commercial,2,2,3,37100,"(44.9402142051823, -93.087190229936)"
994 GOODRICH AVE,10/13/2017 12:00:00 AM,Duplex,2,2,16,35700,"(44.93768091, -93.14192772)"
1670 ARLINGTON AVE E,05/04/2020 12:00:00 AM,Single Family Residential,1,6,2,30704,"(44.98453419, -93.02988975)"
706 CONWAY ST,11/27/2012 12:00:00 AM,Duplex,2,7,4,34400,"(44.95482796, -93.06825796)"
109 LEXINGTON PKWY N,06/25/2019 12:00:00 AM,Single Family Residential,2,1,13,35300,"(44.94463364, -93.14698308)"
975 MARSHALL AVE,06/27/2017 12:00:00 AM,Single Family Residential,3,1,8,33800,"(44.94873562, -93.14117343)"
771 IOWA AVE W,07/22/2011 12:00:00 AM,Single Family Residential,2,5,10,30300,"(44.98931388, -93.1324226)"
368 SHERBURNE AVE,09/06/2019 12:00:00 AM,Single Family Residential,2,1,7,32700,"(44.95653674, -93.115661)"
1020 CARROLL AVE,03/12/2008 12:00:00 AM,Single Family Residential,2,1,8,33800,"(44.95012389, -93.14321129)"
884 WESTMINSTER ST,12/12/2018 12:00:00 AM,Single Family Residential,2,5,5,33000,"(44.96783397, -93.08529411)"
1205 COOK AVE E,03/10/2020 12:00:00 AM,Single Family Residential,1,6,5,31600,"(44.97321105, -93.04961102)"
1119 RAYMOND AVE UNIT 2,06/07/2017 12:00:00 AM,Multi-family Residential,2,4,12,30100,"(44.97563186, -93.19288193)"
901 YORK AVE,08/21/2015 12:00:00 AM,Single Family Residential,2,6,5,31600,"(44.96861168, -93.06228504)"
1816 MINNEHAHA AVE E,09/22/2017 12:00:00 AM,Single Family Residential,2,7,1,34701,"(44.96285703, -93.02377133)"
610 LARPENTEUR AVE E,04/03/2019 12:00:00 AM,Duplex,2,6,5,30602,"(44.99175214, -93.0748853)"
999 PAYNE AVE,08/13/2014 12:00:00 AM,Commercial,2,6,5,31000,"(44.97140757, -93.07366658)"
1033 GALTIER ST,09/10/2015 12:00:00 AM,Duplex,2,5,6,30800,"(44.9725273, -93.11130473)"
253 UNIVERSITY AVE W,03/05/2018 12:00:00 AM,Commercial,1,1,7,32700,"(44.95595409, -93.1108941)"
1726 4TH ST E,05/01/2020 12:00:00 AM,Duplex,2,7,1,34701,"(44.95846005, -93.02746829)"
1596 HOYT AVE E,04/21/2016 12:00:00 AM,Single Family Residential,1,6,2,30703,"(44.98819495, -93.03306174)"
476 STINSON ST,09/25/2019 12:00:00 AM,Single Family Residential,2,1,6,31300,"(44.96912132, -93.12027649)"
1034 BRADLEY ST,08/15/2019 12:00:00 AM,Single Family Residential,2,5,5,30900,"(44.97243979, -93.07846909)"
1349 SCHLETTI ST,01/25/2018 12:00:00 AM,Single Family Residential,1,5,6,30400,"(44.98186847, -93.12264691)"
436 GRIFFITH ST,02/18/2020 12:00:00 AM,Single Family Residential,1,7,4,34601,"(44.95465634, -93.0497116)"
917 FREMONT AVE,08/29/2018 12:00:00 AM,Duplex,2,7,4,34500,"(44.95772828, -93.06177017)"
1503 VAN BUREN AVE,12/13/2018 12:00:00 AM,Single Family Residential,2,4,11,32100,"(44.9621339, -93.16409394)"
1426 DESOTO ST,11/15/2019 12:00:00 AM,Single Family Residential,2,5,5,30601,"(44.98409977, -93.08092639)"
1419 RANDOLPH AVE,05/31/2018 12:00:00 AM,Single Family Residential,2,3,14,36500,"(44.92713125, -93.16018378)"
1519 MARSHALL AVE,05/07/2020 12:00:00 AM,Single Family Residential,2,1,13,33400,"(44.94866239, -93.1644129)"
854 EDMUND AVE,12/29/2016 12:00:00 AM,Duplex,2,1,7,32500,"(44.95826839, -93.13620405)"
2200 LARPENTEUR AVE E,11/20/2018 12:00:00 AM,Commercial,2,6,2,30702,"(44.99087821, -93.00838026)"
556 RICE ST,06/23/2010 12:00:00 AM,Commercial,2,1,7,42800,"(44.95815973, -93.10577844)"
887 CHARLES AVE,12/02/2019 12:00:00 AM,Single Family Residential,2,1,7,32500,"(44.95766869, -93.1376697)"
830 IGLEHART AVE,03/22/2011 12:00:00 AM,Duplex,2,1,8,33800,"(44.94931386, -93.13538365)"
422 JESSAMINE AVE E,09/28/2017 12:00:00 AM,Duplex,2,5,5,30900,"(44.97447497, -93.08291526)"
925 COOK AVE E,03/17/2017 12:00:00 AM,Single Family Residential,2,6,5,31600,"(44.97313382, -93.06155162)"
740 TATUM ST,07/14/2014 12:00:00 AM,Single Family Residential,2,4,11,32000,"(44.96343722, -93.1796323)"
903 YORK AVE,06/13/2018 12:00:00 AM,Duplex,2,6,5,31600,"(44.96882435, -93.06206537)"
875 HAGUE AVE,04/10/2018 12:00:00 AM,Duplex,2,1,8,42900,"(44.94591165, -93.13716976)"
879 6TH ST E,11/04/2008 12:00:00 AM,Single Family Residential,2,7,4,33100,"(44.96044535, -93.06336716)"
1545 ETNA ST,04/04/2017 12:00:00 AM,Single Family Residential,2,6,2,30703,"(44.98794269, -93.04205102)"
288 AVON ST N,05/13/2020 12:00:00 AM,Single Family Residential,1,1,8,33900,"(44.94998782, -93.13306675)"
670 SIMS AVE,06/24/2014 12:00:00 AM,Single Family Residential,2,6,5,31500,"(44.96922321, -93.07225507)"
733 FAIRVIEW AVE N,09/04/2014 12:00:00 AM,Single Family Residential,2,4,11,32000,"(44.96326982, -93.1774066)"
554 CHARLES AVE,02/15/2018 12:00:00 AM,Duplex,2,1,7,32600,"(44.95743833, -93.12344986)"
1626 ENGLEWOOD AVE,08/16/2007 12:00:00 AM,Multi-family Residential,2,4,11,32100,"(44.96387699, -93.1690929)"
1446 RICE ST,07/16/2019 12:00:00 AM,Commercial,1,5,6,30500,"(44.98485556, -93.10566994)"
705 MAGNOLIA AVE E,10/09/2019 12:00:00 AM,Single Family Residential,1,6,5,31000,"(44.9740077, -93.07065305)"
698 DESOTO ST,03/02/2012 12:00:00 AM,Duplex,2,5,5,33000,"(44.96227997, -93.08091425)"
885 MARGARET ST,02/05/2019 12:00:00 AM,Single Family Residential,1,7,4,33100,"(44.96133657, -93.06312513)"
1006 3RD ST E,10/31/2019 12:00:00 AM,Single Family Residential,1,7,4,34500,"(44.95662718, -93.05797522)"
560 MENDOTA ST,11/06/2019 12:00:00 AM,Single Family Residential,1,7,4,34500,"(44.95814154, -93.06331827)"
362 SHERBURNE AVE,09/17/2018 12:00:00 AM,Single Family Residential,2,1,7,32700,"(44.95653018, -93.11544395)"
298 JENKS AVE,10/29/2019 12:00:00 AM,Duplex,1,5,5,30900,"(44.97084839, -93.08785107)"
595 PARK ST,11/21/2008 12:00:00 AM,Duplex,2,1,7,42800,"(44.95940389, -93.10399817)"
313 TOPPING ST,03/24/2020 12:00:00 AM,Duplex,1,1,6,31300,"(44.96760651, -93.11326298)"
1784 NORFOLK AVE,09/24/2013 12:00:00 AM,Single Family Residential,2,3,15,37602,"(44.89784472, -93.17574315)"
1825 UNIVERSITY AVE W,08/04/2016 12:00:00 AM,Commercial,2,4,11,31900,"(44.95635388, -93.17750637)"
1308 VICTORIA ST N,10/30/2001 12:00:00 AM,Single Family Residential,2,5,10,30300,"(44.98060192, -93.13513166)"
132 WESTERN AVE S,10/08/2018 12:00:00 AM,Single Family Residential,2,2,9,35900,"(44.93754175, -93.11584609)"
455 GRAND AVE,01/04/2019 12:00:00 AM,Single Family Residential,1,2,16,35800,"(44.93922831, -93.11933308)"
974 ARCADE ST,05/27/2016 12:00:00 AM,Commercial,2,6,5,31600,"(44.97066686, -93.06561004)"
1722 ARLINGTON AVE E,10/31/2013 12:00:00 AM,Single Family Residential,2,6,2,30704,"(44.98454502, -93.02758274)"
404 FRONT AVE APT 4,01/23/2020 12:00:00 AM,Multi-family Residential,1,1,6,31300,"(44.97005071, -93.11728005)"
575 MCKNIGHT ROAD S,11/15/2016 12:00:00 AM,Single Family Residential,2,7,1,37403,"(44.92404651, -93.00561997)"
523 BEAUMONT ST,09/26/2019 12:00:00 AM,Single Family Residential,1,5,5,33000,"(44.96177791, -93.07830021)"
530 GERANIUM AVE E,08/31/2012 12:00:00 AM,Single Family Residential,3,5,5,30900,"(44.97545624, -93.07805531)"
791 MINNEHAHA AVE W,02/14/2020 12:00:00 AM,Single Family Residential,1,1,7,32400,"(44.96311398, -93.13343796)"
779 CARROLL AVE,01/11/2019 12:00:00 AM,Single Family Residential,2,1,8,33500,"(44.95045933, -93.13303664)"
121 HATCH AVE,12/05/2018 12:00:00 AM,Single Family Residential,2,5,6,31400,"(44.97123537, -93.10504476)"
1849 NEBRASKA AVE E,03/04/2020 12:00:00 AM,Single Family Residential,1,6,2,30702,"(44.98668937, -93.02215573)"
1179 7TH ST E,04/25/2016 12:00:00 AM,Commercial,3,6,4,31701,"(44.96678035, -93.05055753)"
327 WINIFRED ST E,10/28/2019 12:00:00 AM,Single Family Residential,2,2,3,36100,"(44.9297476, -93.07037765)"
419 FRY ST,03/24/2009 12:00:00 AM,Single Family Residential,2,4,13,33400,"(44.95385756, -93.16977951)"
678 SNELLING AVE N,10/05/2016 12:00:00 AM,Commercial,3,4,11,32100,"(44.96153928, -93.1668219)"
1618 HAMLINE AVE N,07/11/2018 12:00:00 AM,Single Family Residential,2,5,10,30201,"(44.98989095, -93.15634632)"
1785 VAN BUREN AVE,05/15/2012 12:00:00 AM,Single Family Residential,2,4,11,32000,"(44.96209452, -93.17583805)"
959 HUDSON ROAD,06/25/2014 12:00:00 AM,Duplex,2,7,4,34500,"(44.9523909, -93.05985823)"
117 UNIVERSITY AVE W,12/20/2013 12:00:00 AM,Commercial,2,1,7,42800,"(44.95613756, -93.10498612)"
1670 7TH ST E,05/15/2020 12:00:00 AM,Single Family Residential,2,7,2,31801,"(44.96655299, -93.02991569)"
998 BAYARD AVE,05/03/2019 12:00:00 AM,Single Family Residential,2,2,9,36700,"(44.92222525, -93.14239386)"
1853 MINNEHAHA AVE E,03/13/2020 12:00:00 AM,Single Family Residential,2,7,2,31801,"(44.96325761, -93.02212057)"
1119 MONTANA AVE W,05/04/2020 12:00:00 AM,Single Family Residential,1,5,10,30201,"(44.98762528, -93.14724279)"
656 BUSH AVE,03/01/2010 12:00:00 AM,Multi-family Residential,2,6,5,31500,"(44.96464486, -93.07282965)"
940 EDGERTON ST,07/03/2018 12:00:00 AM,Single Family Residential,1,6,5,31500,"(44.96961868, -93.07591697)"
1087 MINNEHAHA AVE E,12/05/2019 12:00:00 AM,Single Family Residential,1,7,4,31701,"(44.96318507, -93.05468928)"
908 JEFFERSON AVE,11/09/2018 12:00:00 AM,Single Family Residential,2,2,9,36700,"(44.93043016, -93.13845679)"
307 MARYLAND AVE W,08/08/2008 12:00:00 AM,Single Family Residential,2,5,6,30800,"(44.97749044, -93.11300432)"
1194 ALBEMARLE ST,12/26/2018 12:00:00 AM,Single Family Residential,2,5,6,30800,"(44.97713134, -93.10698339)"
1829 UNIVERSITY AVE W,01/20/2017 12:00:00 AM,Commercial,1,4,11,31900,"(44.95639346, -93.17766307)"
233 CESAR CHAVEZ ST,07/02/2018 12:00:00 AM,Single Family Residential,2,2,3,36100,"(44.92921124, -93.0752964)"
701 SURREY AVE,10/03/2013 12:00:00 AM,Duplex,2,7,4,34400,"(44.9544002, -93.06797762)"
692 6TH ST E,02/21/2019 12:00:00 AM,Single Family Residential,1,7,4,34400,"(44.95716927, -93.07179441)"
38 WINNIPEG AVE,06/26/2018 12:00:00 AM,Single Family Residential,2,1,6,31400,"(44.96726144, -93.10176675)"
780 STEWART AVE,07/07/2017 12:00:00 AM,Multi-family Residential,2,2,9,36800,"(44.92072838, -93.13127696)"
1098 BRADLEY ST,04/17/2018 12:00:00 AM,Single Family Residential,2,5,5,30900,"(44.97428353, -93.0784218)"
218 PASCAL ST N,04/10/2019 12:00:00 AM,Commercial,2,1,13,33400,"(44.94787396, -93.16173635)"
967 FREMONT AVE,12/20/2019 12:00:00 AM,Duplex,2,7,4,34500,"(44.95775211, -93.05966479)"
1637 BIRMINGHAM ST,02/20/2020 12:00:00 AM,Single Family Residential,1,6,2,30703,"(44.99075376, -93.04075762)"
1146 REANEY AVE,05/12/2020 12:00:00 AM,Duplex,1,7,4,31701,"(44.96385442, -93.05222034)"
1128 MACKUBIN ST,05/05/2009 12:00:00 AM,Duplex,2,5,6,30800,"(44.97530449, -93.12104279)"
60 HAWTHORNE AVE E,08/15/2019 12:00:00 AM,Single Family Residential,1,5,6,30500,"(44.97815968, -93.09834646)"
2120 ROSE AVE E,10/16/2019 12:00:00 AM,Single Family Residential,1,6,2,31802,"(44.97602003, -93.01087782)"
1253 CLEVELAND AVE N,08/05/2004 12:00:00 AM,Single Family Residential,2,4,12,30100,"(44.97876153, -93.18763715)"
69 GARFIELD ST,04/05/2010 12:00:00 AM,Single Family Residential,2,2,9,35900,"(44.93928253, -93.11372992)"
874 HOWELL ST N,11/20/2018 12:00:00 AM,Duplex,2,4,11,32000,"(44.96743607, -93.18083837)"
914 UNIVERSITY AVE W,08/06/2013 12:00:00 AM,Commercial,2,1,8,33500,"(44.95552744, -93.13869976)"
1656 GURNEY ST,11/09/2018 12:00:00 AM,Single Family Residential,2,5,6,30500,"(44.99115493, -93.09999674)"
270 EARL ST,02/05/2019 12:00:00 AM,Single Family Residential,2,7,4,34601,"(44.94943939, -93.0555683)"
1110 KINGSFORD ST,04/21/2020 12:00:00 AM,Single Family Residential,1,6,2,31801,"(44.97465026, -93.02886604)"
41 MILLER CREST LANE,09/24/2010 12:00:00 AM,Single Family Residential,2,7,1,37402,"(44.94344176, -93.03037778)"
827 VAN BUREN AVE,08/19/2014 12:00:00 AM,Duplex,2,1,7,32400,"(44.9621988, -93.13510041)"
904 CHARLOTTE ST,10/23/2013 12:00:00 AM,Single Family Residential,2,4,11,32100,"(44.96830995, -93.1702813)"
720 SNELLING AVE N,05/29/2020 12:00:00 AM,Mixed Use,1,4,11,32100,"(44.96272136, -93.1668493)"
632 LEXINGTON PKWY N,04/14/2016 12:00:00 AM,Duplex,2,1,7,32400,"(44.96040153, -93.14626654)"
489 SHERBURNE AVE,03/19/2018 12:00:00 AM,Single Family Residential,3,1,7,32600,"(44.95678658, -93.12072375)"
171 WYOMING ST E,09/11/2018 12:00:00 AM,Single Family Residential,2,2,3,37200,"(44.9205578, -93.07797476)"
749 CHARLES AVE,05/06/2010 12:00:00 AM,Single Family Residential,2,1,7,32500,"(44.95769081, -93.13192658)"
837 4TH ST E,05/06/2015 12:00:00 AM,Single Family Residential,2,7,4,34500,"(44.95851989, -93.06530366)"
1011 MARGARET ST,01/08/2020 12:00:00 AM,Duplex,1,7,4,31701,"(44.9615207, -93.05789316)"
1106 PAYNE AVE,02/28/2018 12:00:00 AM,Commercial,2,6,5,31000,"(44.97452392, -93.07340904)"
799 AURORA AVE,04/27/2020 12:00:00 AM,Duplex,1,1,8,33500,"(44.95494618, -93.13379003)"
1076 WESTERN AVE N,12/18/2018 12:00:00 AM,Single Family Residential,1,5,6,30800,"(44.973692, -93.11591171)"
240 COTTAGE AVE W,03/25/2019 12:00:00 AM,Single Family Residential,2,5,6,30400,"(44.98263532, -93.11022338)"
674 OHIO ST,08/09/2019 12:00:00 AM,Single Family Residential,1,2,3,37100,"(44.92577603, -93.09749761)"
543 MICHIGAN ST,07/05/2019 12:00:00 AM,Duplex,1,2,9,36900,"(44.93512447, -93.12281567)"
1117 JENKS AVE,12/24/2018 12:00:00 AM,Single Family Residential,2,6,5,31600,"(44.9713994, -93.05344721)"
2022 STILLWATER AVE,10/27/2008 12:00:00 AM,Single Family Residential,3,7,2,31802,"(44.96892399, -93.0149848)"
433 ROBERT ST S,10/09/2017 12:00:00 AM,Commercial,2,2,3,37100,"(44.9328391, -93.0812451)"
727 SHERBURNE AVE,11/27/2018 12:00:00 AM,Single Family Residential,2,1,7,32500,"(44.95679044, -93.13083282)"
1336 DAYTON AVE,10/02/2014 12:00:00 AM,Duplex,2,1,13,35300,"(44.94731307, -93.15657788)"
736 PLUM ST,08/02/2019 12:00:00 AM,Single Family Residential,2,7,4,34400,"(44.95296365, -93.06378514)"
540 FOREST ST,11/30/2018 12:00:00 AM,Single Family Residential,1,7,4,34500,"(44.95750081, -93.06070993)"
655 JESSAMINE AVE E,06/19/2019 12:00:00 AM,Single Family Residential,2,6,5,31000,"(44.97487453, -93.07275233)"
242 CONGRESS ST E,01/04/2017 12:00:00 AM,Single Family Residential,2,2,3,36100,"(44.93129397, -93.07362194)"
134 CASE AVE,07/26/2019 12:00:00 AM,Single Family Residential,3,5,6,31400,"(44.96998887, -93.09498418)"
118 MANITOBA AVE,08/12/2014 12:00:00 AM,Duplex,2,1,6,31400,"(44.96820955, -93.10497778)"
936 MARSHALL AVE,04/28/2010 12:00:00 AM,Single Family Residential,2,1,8,33800,"(44.94832354, -93.13975942)"
942 GALTIER ST,03/05/2020 12:00:00 AM,Single Family Residential,1,1,6,31300,"(44.96960921, -93.11089099)"
1731 IVY AVE E,09/05/2019 12:00:00 AM,Single Family Residential,2,6,2,30704,"(44.98131561, -93.02718108)"
1066 DESOTO ST,07/03/2018 12:00:00 AM,Single Family Residential,2,5,5,30900,"(44.97328121, -93.0808871)"
594 REANEY AVE,08/06/2009 12:00:00 AM,Duplex,2,6,5,31500,"(44.96376644, -93.07541994)"
720 EUCLID ST,10/16/2019 12:00:00 AM,Single Family Residential,2,7,4,34400,"(44.9540656, -93.06609232)"
1023 TOPPING ST,12/18/2019 12:00:00 AM,Single Family Residential,1,1,10,31200,"(44.96762622, -93.14328505)"
765 MINNEHAHA AVE E,03/04/2020 12:00:00 AM,Single Family Residential,1,6,4,33100,"(44.96317201, -93.06813891)"
663 YORK AVE,10/24/2018 12:00:00 AM,Single Family Residential,2,6,5,31500,"(44.96855375, -93.07247848)"
1136 LAFOND AVE,02/11/2016 12:00:00 AM,Single Family Residential,2,4,11,32300,"(44.9601206, -93.1481715)"
1639 TAYLOR AVE,03/01/2017 12:00:00 AM,Single Family Residential,2,4,11,32100,"(44.96780938, -93.16955018)"
1475 PACIFIC ST,10/17/2017 12:00:00 AM,Single Family Residential,2,7,1,34602,"(44.95152562, -93.03812046)"
991 FARRINGTON ST,01/24/2019 12:00:00 AM,Single Family Residential,2,5,6,30800,"(44.97125515, -93.11379585)"
1161 NORTON ST,07/05/2011 12:00:00 AM,Duplex,2,5,6,30800,"(44.97617818, -93.12023177)"
466 LAUREL AVE,05/03/2000 12:00:00 AM,Single Family Residential,3,1,8,35500,"(44.94523453, -93.11986934)"
1457 3RD ST E,10/01/2014 12:00:00 AM,Single Family Residential,2,7,1,34602,"(44.95697096, -93.03883609)"
564 MENDOTA ST,05/18/2020 12:00:00 AM,Single Family Residential,1,7,4,34500,"(44.95825336, -93.06328619)"
92 WHEELOCK PKWY E,03/04/2020 12:00:00 AM,Single Family Residential,1,5,6,30500,"(44.99039434, -93.09690886)"
631 WESTERN AVE N,10/13/2017 12:00:00 AM,Single Family Residential,2,1,7,32600,"(44.96041227, -93.11630239)"
284 MAPLE ST,02/07/2020 12:00:00 AM,Single Family Residential,2,7,4,34500,"(44.95618612, -93.06629569)"
2340 CHARLES AVE,11/04/2019 12:00:00 AM,Commercial,1,4,12,31900,"(44.9644177, -93.19592519)"
171 GRANITE ST,04/19/2017 12:00:00 AM,Single Family Residential,2,5,6,31400,"(44.96626249, -93.09321039)"
832 ARMSTRONG AVE,07/10/2018 12:00:00 AM,Duplex,1,2,9,36800,"(44.92488982, -93.13514311)"
146 WATER ST W,12/18/2018 12:00:00 AM,Mixed Use,2,2,3,37100,"(44.93734679, -93.09323696)"
1018 GERANIUM AVE E,04/10/2020 12:00:00 AM,Single Family Residential,1,6,5,31100,"(44.97556374, -93.05753143)"
831 SMITH AVE S,08/05/2016 12:00:00 AM,Single Family Residential,2,2,3,37000,"(44.92105008, -93.10201471)"
1515 MARSHALL AVE,05/07/2020 12:00:00 AM,Single Family Residential,2,1,13,33400,"(44.94865512, -93.16424326)"
61 JESSAMINE AVE W,05/13/2010 12:00:00 AM,Duplex,2,5,6,30500,"(44.97479581, -93.10256264)"
106 DOUGLAS ST,04/10/2018 12:00:00 AM,Duplex,2,2,9,36000,"(44.93826197, -93.11086274)"
1431 RICE ST,03/19/2020 12:00:00 AM,Commercial,2,5,6,30400,"(44.98421798, -93.10625907)"
603 EDMUND AVE,10/29/2019 12:00:00 AM,Duplex,2,1,7,32600,"(44.95854683, -93.12554999)"
1273 SARGENT AVE,10/10/2019 12:00:00 AM,Single Family Residential,1,3,14,35300,"(44.93512583, -93.15388652)"
1739 YORK AVE,10/18/2019 12:00:00 AM,Single Family Residential,2,6,2,31801,"(44.96889274, -93.02684769)"
935 IGLEHART AVE,03/23/2017 12:00:00 AM,Single Family Residential,2,1,8,33800,"(44.94957358, -93.13968929)"
46 FRONT AVE,07/19/2018 12:00:00 AM,Duplex,2,1,6,31400,"(44.97015027, -93.10206885)"
32 BENHILL ROAD,06/08/2016 12:00:00 AM,Single Family Residential,2,2,16,36700,"(44.93236419, -93.14135395)"
633 CAPITOL BLVD,08/02/2019 12:00:00 AM,Single Family Residential,2,1,7,42800,"(44.96048238, -93.10242806)"
373 NEBRASKA AVE W,10/29/2018 12:00:00 AM,Single Family Residential,2,5,6,30400,"(44.98652687, -93.11563397)"
1297 7TH ST W,01/29/2020 12:00:00 AM,Single Family Residential,2,2,9,36800,"(44.92202762, -93.13544149)"
1650 MINNEHAHA AVE E,02/20/2020 12:00:00 AM,Single Family Residential,1,7,1,34602,"(44.96293605, -93.0309809)"
360 FULLER AVE,08/16/2016 12:00:00 AM,Multi-family Residential,2,1,8,33700,"(44.95379932, -93.11533011)"
1841 UNIVERSITY AVE W,03/03/2015 12:00:00 AM,Commercial,2,4,11,31900,"(44.95636302, -93.17808329)"
587 COOK AVE E,10/14/2005 12:00:00 AM,Duplex,2,6,5,31000,"(44.97304842, -93.07561221)"
380 RANDOLPH AVE,11/21/2006 12:00:00 AM,Commercial,2,2,9,36000,"(44.92671507, -93.11591551)"
1400 UNIVERSITY AVE W,04/16/2019 12:00:00 AM,Commercial,1,1,13,33400,"(44.95360857, -93.15915219)"
1793 MARYLAND AVE E,11/30/2018 12:00:00 AM,Single Family Residential,2,6,2,30702,"(44.97764702, -93.0246582)"
575 PARK ST,11/13/2007 12:00:00 AM,Single Family Residential,2,1,7,42800,"(44.95867481, -93.10394814)"
485 BLAIR AVE,12/04/2015 12:00:00 AM,Single Family Residential,2,1,7,32600,"(44.96130436, -93.12066111)"
733 CASE AVE,07/24/2018 12:00:00 AM,Duplex,2,6,5,31000,"(44.97058473, -93.06960833)"
1803 IVY AVE E,08/16/2017 12:00:00 AM,Duplex,2,6,2,30702,"(44.98125333, -93.02415953)"
293 HARRISON AVE,09/12/2019 12:00:00 AM,Single Family Residential,2,2,9,35900,"(44.93978976, -93.11252533)"
1786 HAWTHORNE AVE E,12/01/2016 12:00:00 AM,Single Family Residential,2,6,2,30702,"(44.97825935, -93.02490216)"
626 REANEY AVE,01/20/2012 12:00:00 AM,Single Family Residential,2,6,5,31500,"(44.963795, -93.0741431)"
1105 WILSON AVE,12/12/2019 12:00:00 AM,Single Family Residential,2,7,4,34601,"(44.95416947, -93.05382076)"
187 7TH PLACE E,08/12/2008 12:00:00 AM,Commercial,2,2,17,34202,"(44.95031947, -93.09034852)"
1286 SHERBURNE AVE,09/09/2014 12:00:00 AM,Single Family Residential,3,4,11,32300,"(44.95646369, -93.15462894)"
27 EMPIRE DRIVE,02/04/2013 12:00:00 AM,Commercial,3,1,7,42800,"(44.96290113, -93.10051383)"
425 RICE ST,04/16/2019 12:00:00 AM,Commercial,2,1,17,33700,"(44.95361819, -93.10780981)"
346 SHERBURNE AVE,04/25/2016 12:00:00 AM,Single Family Residential,2,1,7,32700,"(44.95655446, -93.11462031)"
971 ARCADE ST,11/29/2016 12:00:00 AM,Commercial,1,6,5,31000,"(44.97070206, -93.06624148)"
1560 REANEY AVE,08/11/2017 12:00:00 AM,Single Family Residential,2,7,2,31801,"(44.96388552, -93.03452455)"
1021 FULLER AVE,08/06/2018 12:00:00 AM,Single Family Residential,2,1,8,33500,"(44.95406085, -93.14315961)"
2171 5TH ST E,10/31/2018 12:00:00 AM,Single Family Residential,1,7,1,34702,"(44.95959927, -93.00873447)"
389 CHARLES AVE,04/23/2020 12:00:00 AM,Single Family Residential,1,1,7,32600,"(44.95767158, -93.11660561)"
1350 HAGUE AVE,10/27/2017 12:00:00 AM,Single Family Residential,2,1,13,35200,"(44.94571273, -93.15721502)"
1758 STILLWATER AVE,10/04/2013 12:00:00 AM,Single Family Residential,2,6,2,31801,"(44.96751273, -93.02624636)"
862 PASCAL ST N,04/20/2018 12:00:00 AM,Single Family Residential,1,4,11,32200,"(44.96713927, -93.16200427)"
654 WINSLOW AVE,03/04/2020 12:00:00 AM,Single Family Residential,2,2,3,37100,"(44.92615303, -93.08936135)"
947 FREMONT AVE,01/18/2018 12:00:00 AM,Single Family Residential,2,7,4,34500,"(44.95776234, -93.06039703)"
428 BAY ST,07/18/2018 12:00:00 AM,Single Family Residential,2,2,9,36800,"(44.92850757, -93.13047925)"
864 MARION ST,05/14/2010 12:00:00 AM,Duplex,3,1,6,31300,"(44.96729678, -93.10957842)"
51 LITCHFIELD ST,08/27/2018 12:00:00 AM,Single Family Residential,2,1,6,31400,"(44.96958879, -93.10222122)"
363 WOODLAWN AVE,04/23/2018 12:00:00 AM,Single Family Residential,2,3,14,43000,"(44.9305073, -93.1961617)"
1737 COTTAGE AVE E,04/29/2020 12:00:00 AM,Single Family Residential,2,6,2,30704,"(44.98306283, -93.02695094)"
574 SHERBURNE AVE,03/18/2013 12:00:00 AM,Duplex,2,1,7,32600,"(44.95651907, -93.1244242)"
61 COMO AVE,02/07/2020 12:00:00 AM,Multi-family Residential,2,1,7,42800,"(44.95910417, -93.10193403)"
585 JEFFERSON AVE,11/09/2018 12:00:00 AM,Single Family Residential,2,2,9,36900,"(44.93076826, -93.12416856)"
203 KING ST W,12/06/2019 12:00:00 AM,Single Family Residential,1,2,3,37100,"(44.92771544, -93.09411119)"
1400 DAYTON AVE,05/22/2019 12:00:00 AM,Commercial,2,1,13,33400,"(44.94735219, -93.15948332)"
953 SHERBURNE AVE,08/17/2018 12:00:00 AM,Single Family Residential,2,1,7,32500,"(44.95677167, -93.14037983)"
1293 PAYNE AVE,08/10/2018 12:00:00 AM,Single Family Residential,2,6,5,31000,"(44.98028137, -93.07377349)"
253 AVON ST N,01/19/2017 12:00:00 AM,Single Family Residential,2,1,8,33800,"(44.94909317, -93.13335907)"
1878 ORANGE AVE E,07/03/2019 12:00:00 AM,Single Family Residential,1,6,2,30702,"(44.97913441, -93.02116079)"
889 AGATE ST,06/01/2007 12:00:00 AM,Multi-family Residential,2,5,6,31400,"(44.96800252, -93.09439511)"
245 MARYLAND AVE E,01/02/2020 12:00:00 AM,Commercial,1,5,6,30500,"(44.97949948, -93.09150903)"
1295 GALTIER ST,04/19/2018 12:00:00 AM,Single Family Residential,2,5,6,30800,"(44.98016219, -93.11123528)"
1028 ROSS AVE,08/20/2018 12:00:00 AM,Single Family Residential,1,6,4,31701,"(44.96565378, -93.05720732)"
1352 SUMMIT AVE,01/28/2020 12:00:00 AM,Duplex,1,3,14,35200,"(44.94100544, -93.15746483)"
39 HILLTOP LANE,10/15/2013 12:00:00 AM,Single Family Residential,1,3,15,37500,"(44.90783306, -93.17556701)"
586 BURGESS ST,03/31/2020 12:00:00 AM,Single Family Residential,1,1,6,31300,"(44.9682167, -93.12506314)"
572 EARL ST,08/20/2018 12:00:00 AM,Commercial,1,7,4,34601,"(44.95885502, -93.05563021)"
730 TRANSFER ROAD,08/19/2016 12:00:00 AM,Commercial,1,4,11,31900,"(44.96305407, -93.18481142)"
224 GROTTO ST N,05/17/2011 12:00:00 AM,Single Family Residential,2,1,8,33900,"(44.9480278, -93.13124017)"
535 FOREST ST,04/26/2019 12:00:00 AM,Single Family Residential,2,7,4,34500,"(44.95741044, -93.06116126)"
822 VAN BUREN AVE,11/28/2007 12:00:00 AM,Duplex,2,1,7,32400,"(44.96191208, -93.13493396)"
1807 7TH ST E,11/07/2019 12:00:00 AM,Single Family Residential,1,7,2,31801,"(44.96687273, -93.02403206)"
1093 4TH ST E,07/20/2007 12:00:00 AM,Single Family Residential,2,7,4,34601,"(44.9588924, -93.05422268)"
596 CHARLES AVE,05/29/2019 12:00:00 AM,Single Family Residential,2,1,7,32600,"(44.95740381, -93.12537584)"
2117 MOHAWK AVE,05/27/2010 12:00:00 AM,Single Family Residential,1,7,2,31802,"(44.96819911, -93.01330306)"
1010 EDGERTON ST,11/06/2019 12:00:00 AM,Single Family Residential,2,6,5,31000,"(44.97163632, -93.0758044)"
648 BUSH AVE,08/27/2010 12:00:00 AM,Multi-family Residential,2,6,5,31500,"(44.96469162, -93.07308266)"
1145 SNELLING AVE N,04/14/2020 12:00:00 AM,Commercial,3,4,10,30100,"(44.97563889, -93.16813008)"
1038 MACKUBIN ST,04/22/2020 12:00:00 AM,Single Family Residential,1,5,6,30800,"(44.97253338, -93.12094623)"
1235 MARGARET ST,10/09/2019 12:00:00 AM,Single Family Residential,2,7,4,34601,"(44.96139891, -93.04845913)"
714 WESTERN AVE N,08/08/2019 12:00:00 AM,Single Family Residential,2,1,7,32700,"(44.96273657, -93.11597462)"
1041 JENKS AVE,09/19/2019 12:00:00 AM,Single Family Residential,1,6,5,31600,"(44.97138599, -93.05659978)"
1486 MIDWAY PKWY,06/05/2018 12:00:00 AM,Single Family Residential,1,4,10,30201,"(44.98058661, -93.16300818)"
2442 STEWART AVE,02/05/2020 12:00:00 AM,Single Family Residential,1,3,15,37602,"(44.89998779, -93.1663134)"
1440 ROBLYN AVE,08/06/2010 12:00:00 AM,Commercial,3,1,13,33400,"(44.95077115, -93.16116781)"
750 CHATSWORTH ST S,04/05/2019 12:00:00 AM,Duplex,2,2,9,36700,"(44.91894068, -93.14108708)"
1023 JESSIE ST,12/09/2004 12:00:00 AM,Duplex,2,5,5,30900,"(44.97216721, -93.07754073)"
80 MISSISSIPPI RIVER BLVD N,10/29/2019 12:00:00 AM,Single Family Residential,1,4,13,43000,"(44.94320019, -93.19791792)"
666 FULLER AVE,10/05/2018 12:00:00 AM,Single Family Residential,2,1,8,33500,"(44.95377516, -93.12822363)"
1971 NORTONIA AVE,11/22/2019 12:00:00 AM,Duplex,2,7,2,31802,"(44.96509452, -93.01762998)"
120 WINTER ST,12/18/2019 12:00:00 AM,Single Family Residential,2,1,7,42800,"(44.95983192, -93.10502174)"
670 PAYNE AVE,11/27/2018 12:00:00 AM,Commercial,1,7,5,33000,"(44.96141837, -93.07579166)"
661 WESTERN AVE N,09/18/2012 12:00:00 AM,Mixed Use,2,1,7,32600,"(44.96131619, -93.11627104)"
1505 UNIVERSITY AVE W,05/29/2020 12:00:00 AM,Commercial,1,4,11,32100,"(44.95587025, -93.16425844)"
507 ASHLAND AVE,08/09/2019 12:00:00 AM,Single Family Residential,1,1,8,35500,"(44.94462733, -93.12171946)"
941 GREENBRIER ST,01/29/2019 12:00:00 AM,Single Family Residential,1,6,5,31500,"(44.9697005, -93.07119577)"
1187 MARYLAND AVE E,08/07/2018 12:00:00 AM,Single Family Residential,2,6,5,31100,"(44.97768927, -93.05021841)"
181 FRONT AVE,11/06/2019 12:00:00 AM,Single Family Residential,1,5,6,31300,"(44.97033028, -93.10777224)"
1880 AMES AVE,11/16/2012 12:00:00 AM,Duplex,2,6,2,31801,"(44.97193246, -93.02101623)"
1696 BOHLAND AVE,06/06/2017 12:00:00 AM,Single Family Residential,2,3,15,37500,"(44.91595109, -93.17188779)"
825 UNIVERSITY AVE W,04/20/2009 12:00:00 AM,Commercial,2,1,7,32500,"(44.95591044, -93.13510463)"
893 HUDSON ROAD,01/13/2015 12:00:00 AM,Duplex,2,7,4,34400,"(44.95241019, -93.06303223)"
701 HAZEL ST N,03/09/2020 12:00:00 AM,Single Family Residential,2,7,1,34701,"(44.96253218, -93.02044585)"
1490 7TH ST E,07/21/2017 12:00:00 AM,Single Family Residential,2,7,2,31702,"(44.96657645, -93.03756494)"
1628 VAN BUREN AVE,07/30/2019 12:00:00 AM,Single Family Residential,2,4,11,32100,"(44.96177396, -93.16907853)"
1554 MIDWAY PKWY,08/07/2012 12:00:00 AM,Commercial,2,4,10,30201,"(44.98054374, -93.16539927)"
1734 SIMS AVE,06/19/2018 12:00:00 AM,Duplex,1,6,2,31801,"(44.96937811, -93.02688683)"
1466 OSCEOLA AVE,08/06/2019 12:00:00 AM,Single Family Residential,2,3,14,35200,"(44.93590114, -93.16224238)"
332 JESSAMINE AVE E,04/11/2018 12:00:00 AM,Single Family Residential,2,5,5,30900,"(44.97440697, -93.08659931)"
888 PRIOR AVE N,09/23/2016 12:00:00 AM,Commercial,3,4,11,32000,"(44.96775141, -93.18211326)"
943 DESOTO ST,12/28/2012 12:00:00 AM,Single Family Residential,2,5,5,31500,"(44.96957908, -93.08136956)"
55 MANITOBA AVE,06/01/2007 12:00:00 AM,Duplex,2,1,6,31400,"(44.96846246, -93.10215937)"
364 MAPLE ST,12/24/2008 12:00:00 AM,Single Family Residential,2,7,4,34500,"(44.95829623, -93.06855973)"
2060 3RD ST E,03/05/2019 12:00:00 AM,Single Family Residential,1,7,1,34702,"(44.95656843, -93.01355562)"
802 MOUND ST,04/20/2020 12:00:00 AM,Single Family Residential,2,7,4,34400,"(44.95134905, -93.06313382)"
134 ELIZABETH ST E,08/28/2018 12:00:00 AM,Single Family Residential,3,2,3,37200,"(44.92697764, -93.07968068)"
1089 FARRINGTON ST,06/12/2019 12:00:00 AM,Single Family Residential,2,5,6,30800,"(44.97406025, -93.11382402)"
1258 RICE ST,02/11/2009 12:00:00 AM,Single Family Residential,2,5,6,30500,"(44.97908427, -93.10557332)"
981 MENDOTA ST,09/21/2018 12:00:00 AM,Single Family Residential,2,6,5,31600,"(44.9708853, -93.06355502)"
1313 SEMINARY AVE,06/05/2008 12:00:00 AM,Single Family Residential,2,4,11,32300,"(44.96488803, -93.15572938)"
1174 CHARLES AVE,09/12/2019 12:00:00 AM,Single Family Residential,2,4,11,32300,"(44.95738979, -93.14982778)"
1905 IGLEHART AVE,08/15/2019 12:00:00 AM,Single Family Residential,2,4,13,33300,"(44.94963928, -93.1807538)"
1655 WESTMINSTER ST,09/25/2019 12:00:00 AM,Single Family Residential,2,5,5,30601,"(44.99108369, -93.08653776)"
398 TOTEM ROAD,11/25/2019 12:00:00 AM,Multi-family Residential,1,7,1,37403,"(44.92529269, -93.01229142)"
173 COOK AVE E,04/05/2017 12:00:00 AM,Single Family Residential,2,5,6,31400,"(44.97300787, -93.09330712)"
1708 MINNEHAHA AVE E,09/20/2019 12:00:00 AM,Single Family Residential,2,7,1,34701,"(44.96291791, -93.02837512)"
1845 UNIVERSITY AVE W,10/28/2014 12:00:00 AM,Commercial,2,4,11,31900,"(44.95642498, -93.17823374)"
342 THOMAS AVE,08/22/2019 12:00:00 AM,Single Family Residential,2,1,7,32700,"(44.95922701, -93.11445849)"
970 REANEY AVE,02/10/2017 12:00:00 AM,Single Family Residential,2,7,4,31701,"(44.96370318, -93.05959529)"
705 WATSON AVE,03/06/2020 12:00:00 AM,Single Family Residential,1,2,9,36800,"(44.9242516, -93.12958474)"
742 EUCLID ST,12/22/2016 12:00:00 AM,Single Family Residential,2,7,4,34400,"(44.954632, -93.0650233)"
1725 BEECH ST,09/24/2014 12:00:00 AM,Single Family Residential,2,7,1,34701,"(44.96235073, -93.02751201)"
1108 6TH ST E,06/19/2019 12:00:00 AM,Single Family Residential,2,7,4,34601,"(44.96023903, -93.0536621)"
345 GOODRICH AVE,05/18/2016 12:00:00 AM,Single Family Residential,2,2,9,35900,"(44.93798379, -93.11466232)"
1915 IVY AVE E,10/16/2012 12:00:00 AM,Single Family Residential,3,6,2,30702,"(44.98126284, -93.01942865)"
1111 CASE AVE,04/24/2018 12:00:00 AM,Single Family Residential,2,6,5,31600,"(44.97045252, -93.05361781)"
1560 CANFIELD AVE,02/09/2017 12:00:00 AM,Single Family Residential,2,4,10,30201,"(44.97990281, -93.16609224)"
1629 HARTFORD AVE,12/26/2019 12:00:00 AM,Single Family Residential,2,3,15,36400,"(44.92354712, -93.16910164)"
700 MINNEHAHA AVE E,05/21/2020 12:00:00 AM,Commercial,2,,,,"(44.96292611, -93.07087916)"
65 WINIFRED ST W,03/19/2019 12:00:00 AM,Single Family Residential,1,2,3,37100,"(44.93166185, -93.08838782)"
1281 SHERBURNE AVE,08/08/2012 12:00:00 AM,Duplex,2,4,11,32300,"(44.95678919, -93.15445037)"
2062 COMO AVE,11/09/2001 12:00:00 AM,Single Family Residential,2,4,12,30100,"(44.97690247, -93.18743997)"
47 DOUGLAS ST,09/16/2009 12:00:00 AM,Single Family Residential,2,2,9,35900,"(44.93994778, -93.11120531)"
1509 MARSHALL AVE,10/20/2014 12:00:00 AM,Commercial,2,1,13,33400,"(44.94860796, -93.1638708)"
1350 LAUREL AVE,08/08/2018 12:00:00 AM,Single Family Residential,1,1,13,35200,"(44.94481508, -93.15738956)"
664 PLUM ST,02/16/2018 12:00:00 AM,Duplex,1,7,4,34400,"(44.95103743, -93.06723779)"
1722 REANEY AVE,06/27/2019 12:00:00 AM,Single Family Residential,2,7,2,31801,"(44.96371826, -93.02755833)"
434 EDMUND AVE,08/09/2019 12:00:00 AM,Duplex,2,1,7,32600,"(44.95832872, -93.11838998)"
578 SARATOGA ST S,12/21/2012 12:00:00 AM,Single Family Residential,1,3,15,36500,"(44.92410277, -93.16425534)"
302 CHEROKEE AVE,09/05/2017 12:00:00 AM,Duplex,2,2,3,37000,"(44.93220174, -93.09839505)"
1362 PALACE AVE,02/19/2020 12:00:00 AM,Single Family Residential,1,3,14,36500,"(44.92865801, -93.15784867)"
0 KELLOGG BLVD E,01/11/2013 12:00:00 AM,Commercial,2,2,4,34400,"(44.95121096, -93.07641955)"
578 LAFOND AVE,11/21/2017 12:00:00 AM,Single Family Residential,3,1,7,32600,"(44.96009853, -93.12460057)"
521 YORK AVE,08/01/2019 12:00:00 AM,Single Family Residential,2,5,5,31500,"(44.96850107, -93.07838665)"
647 SHERBURNE AVE,07/19/2018 12:00:00 AM,Single Family Residential,1,1,7,32500,"(44.95678551, -93.12749684)"
95 LITCHFIELD ST,06/08/2016 12:00:00 AM,Single Family Residential,2,1,6,31400,"(44.96961003, -93.10405495)"
474 CURTICE ST E,03/29/2008 12:00:00 AM,Single Family Residential,2,2,3,37200,"(44.92285808, -93.06568468)"
